,Proportion.removed,remain.mean,remain.sd,remain.se,weighted,consider_cascade,network
1,0.05,0.533893939,0.00943796,0.000943796,weighted,Yes,warming_pearson
2,0.1,0.495575758,0.011417188,0.001141719,weighted,Yes,warming_pearson
3,0.15,0.46030303,0.013189459,0.001318946,weighted,Yes,warming_pearson
4,0.2,0.422181818,0.014970638,0.001497064,weighted,Yes,warming_pearson
5,0.25,0.385242424,0.017492308,0.001749231,weighted,Yes,warming_pearson
6,0.3,0.3555,0.01634375,0.001634375,weighted,Yes,warming_pearson
7,0.35,0.322151515,0.018320029,0.001832003,weighted,Yes,warming_pearson
8,0.4,0.283363636,0.016462956,0.001646296,weighted,Yes,warming_pearson
9,0.45,0.252969697,0.019858092,0.001985809,weighted,Yes,warming_pearson
10,0.5,0.219636364,0.016785093,0.001678509,weighted,Yes,warming_pearson
11,0.55,0.189575758,0.016826983,0.001682698,weighted,Yes,warming_pearson
12,0.6,0.158287879,0.018780886,0.001878089,weighted,Yes,warming_pearson
13,0.65,0.132227273,0.014746429,0.001474643,weighted,Yes,warming_pearson
14,0.7,0.105075758,0.015525496,0.00155255,weighted,Yes,warming_pearson
15,0.75,0.080545455,0.012656016,0.001265602,weighted,Yes,warming_pearson
16,0.8,0.058727273,0.011702914,0.001170291,weighted,Yes,warming_pearson
17,0.85,0.036727273,0.010404352,0.001040435,weighted,Yes,warming_pearson
18,0.9,0.019909091,0.007296729,0.000729673,weighted,Yes,warming_pearson
19,0.95,0.005787879,0.003638021,0.000363802,weighted,Yes,warming_pearson
20,1,0,0,0,weighted,Yes,warming_pearson
21,0.05,0.513075758,0.009968495,0.000996849,unweighted,Yes,warming_pearson
22,0.1,0.478742424,0.011876656,0.001187666,unweighted,Yes,warming_pearson
23,0.15,0.443409091,0.016571612,0.001657161,unweighted,Yes,warming_pearson
24,0.2,0.406530303,0.014078462,0.001407846,unweighted,Yes,warming_pearson
25,0.25,0.373924242,0.017377494,0.001737749,unweighted,Yes,warming_pearson
26,0.3,0.340651515,0.017321037,0.001732104,unweighted,Yes,warming_pearson
27,0.35,0.30919697,0.018503249,0.001850325,unweighted,Yes,warming_pearson
28,0.4,0.272166667,0.018558808,0.001855881,unweighted,Yes,warming_pearson
29,0.45,0.243636364,0.019164109,0.001916411,unweighted,Yes,warming_pearson
30,0.5,0.212181818,0.016483986,0.001648399,unweighted,Yes,warming_pearson
31,0.55,0.185257576,0.017652292,0.001765229,unweighted,Yes,warming_pearson
32,0.6,0.1575,0.015806731,0.001580673,unweighted,Yes,warming_pearson
33,0.65,0.12830303,0.014406025,0.001440602,unweighted,Yes,warming_pearson
34,0.7,0.100954545,0.014891642,0.001489164,unweighted,Yes,warming_pearson
35,0.75,0.077863636,0.01097651,0.001097651,unweighted,Yes,warming_pearson
36,0.8,0.05380303,0.010063049,0.001006305,unweighted,Yes,warming_pearson
37,0.85,0.036484848,0.009846848,0.000984685,unweighted,Yes,warming_pearson
38,0.9,0.017833333,0.00694782,0.000694782,unweighted,Yes,warming_pearson
39,0.95,0.00580303,0.00388865,0.000388865,unweighted,Yes,warming_pearson
40,1,0,0,0,unweighted,Yes,warming_pearson
41,0.05,0.534681818,0.007716462,0.000771646,weighted,No,warming_pearson
42,0.1,0.497727273,0.011141331,0.001114133,weighted,No,warming_pearson
43,0.15,0.461348485,0.013277939,0.001327794,weighted,No,warming_pearson
44,0.2,0.42419697,0.013875659,0.001387566,weighted,No,warming_pearson
45,0.25,0.385772727,0.014475099,0.00144751,weighted,No,warming_pearson
46,0.3,0.354636364,0.016746227,0.001674623,weighted,No,warming_pearson
47,0.35,0.3185,0.016007783,0.001600778,weighted,No,warming_pearson
48,0.4,0.286015152,0.017233529,0.001723353,weighted,No,warming_pearson
49,0.45,0.253621212,0.018259317,0.001825932,weighted,No,warming_pearson
50,0.5,0.223333333,0.015621721,0.001562172,weighted,No,warming_pearson
51,0.55,0.192075758,0.018657504,0.00186575,weighted,No,warming_pearson
52,0.6,0.161560606,0.01580274,0.001580274,weighted,No,warming_pearson
53,0.65,0.13230303,0.016907545,0.001690755,weighted,No,warming_pearson
54,0.7,0.107409091,0.012090363,0.001209036,weighted,No,warming_pearson
55,0.75,0.080666667,0.012090794,0.001209079,weighted,No,warming_pearson
56,0.8,0.059712121,0.010849442,0.001084944,weighted,No,warming_pearson
57,0.85,0.036666667,0.008365619,0.000836562,weighted,No,warming_pearson
58,0.9,0.019393939,0.007087086,0.000708709,weighted,No,warming_pearson
59,0.95,0.006393939,0.004765026,0.000476503,weighted,No,warming_pearson
60,1,0,0,0,weighted,No,warming_pearson
61,0.05,0.515333333,0.008853863,0.000885386,unweighted,No,warming_pearson
62,0.1,0.479242424,0.011082901,0.00110829,unweighted,No,warming_pearson
63,0.15,0.446181818,0.015374062,0.001537406,unweighted,No,warming_pearson
64,0.2,0.411666667,0.014745871,0.001474587,unweighted,No,warming_pearson
65,0.25,0.375909091,0.017153477,0.001715348,unweighted,No,warming_pearson
66,0.3,0.342969697,0.01626391,0.001626391,unweighted,No,warming_pearson
67,0.35,0.309621212,0.017061135,0.001706113,unweighted,No,warming_pearson
68,0.4,0.277621212,0.014583562,0.001458356,unweighted,No,warming_pearson
69,0.45,0.244545455,0.017492812,0.001749281,unweighted,No,warming_pearson
70,0.5,0.214393939,0.018872087,0.001887209,unweighted,No,warming_pearson
71,0.55,0.184227273,0.016071106,0.001607111,unweighted,No,warming_pearson
72,0.6,0.157712121,0.015557903,0.00155579,unweighted,No,warming_pearson
73,0.65,0.131363636,0.014567088,0.001456709,unweighted,No,warming_pearson
74,0.7,0.103772727,0.01297408,0.001297408,unweighted,No,warming_pearson
75,0.75,0.081166667,0.011509381,0.001150938,unweighted,No,warming_pearson
76,0.8,0.057560606,0.010586354,0.001058635,unweighted,No,warming_pearson
77,0.85,0.035272727,0.009786376,0.000978638,unweighted,No,warming_pearson
78,0.9,0.018333333,0.007760227,0.000776023,unweighted,No,warming_pearson
79,0.95,0.004984848,0.004367473,0.000436747,unweighted,No,warming_pearson
80,1,0,0,0,unweighted,No,warming_pearson
81,0.05,0.939858657,0.006619853,0.000661985,weighted,Yes,warming_pearson_idirect
82,0.1,0.875035336,0.012545577,0.001254558,weighted,Yes,warming_pearson_idirect
83,0.15,0.817667845,0.013807023,0.001380702,weighted,Yes,warming_pearson_idirect
84,0.2,0.75655477,0.015801194,0.001580119,weighted,Yes,warming_pearson_idirect
85,0.25,0.693021201,0.017593402,0.00175934,weighted,Yes,warming_pearson_idirect
86,0.3,0.63319788,0.0183625,0.00183625,weighted,Yes,warming_pearson_idirect
87,0.35,0.574257951,0.019526814,0.001952681,weighted,Yes,warming_pearson_idirect
88,0.4,0.518268551,0.017930411,0.001793041,weighted,Yes,warming_pearson_idirect
89,0.45,0.459134276,0.017968065,0.001796807,weighted,Yes,warming_pearson_idirect
90,0.5,0.408074205,0.018918265,0.001891827,weighted,Yes,warming_pearson_idirect
91,0.55,0.353038869,0.019317268,0.001931727,weighted,Yes,warming_pearson_idirect
92,0.6,0.30130742,0.018356532,0.001835653,weighted,Yes,warming_pearson_idirect
93,0.65,0.249187279,0.018937364,0.001893736,weighted,Yes,warming_pearson_idirect
94,0.7,0.197738516,0.01963667,0.001963667,weighted,Yes,warming_pearson_idirect
95,0.75,0.154010601,0.016320962,0.001632096,weighted,Yes,warming_pearson_idirect
96,0.8,0.109858657,0.015011378,0.001501138,weighted,Yes,warming_pearson_idirect
97,0.85,0.071466431,0.013885302,0.00138853,weighted,Yes,warming_pearson_idirect
98,0.9,0.039187279,0.009363705,0.000936371,weighted,Yes,warming_pearson_idirect
99,0.95,0.010812721,0.006111453,0.000611145,weighted,Yes,warming_pearson_idirect
100,1,0,0,0,weighted,Yes,warming_pearson_idirect
101,0.05,0.938957597,0.007227606,0.000722761,unweighted,Yes,warming_pearson_idirect
102,0.1,0.875812721,0.010020577,0.001002058,unweighted,Yes,warming_pearson_idirect
103,0.15,0.812561837,0.013637204,0.00136372,unweighted,Yes,warming_pearson_idirect
104,0.2,0.755865724,0.012241621,0.001224162,unweighted,Yes,warming_pearson_idirect
105,0.25,0.695141343,0.01773442,0.001773442,unweighted,Yes,warming_pearson_idirect
106,0.3,0.636872792,0.015286278,0.001528628,unweighted,Yes,warming_pearson_idirect
107,0.35,0.578392226,0.017992616,0.001799262,unweighted,Yes,warming_pearson_idirect
108,0.4,0.520159011,0.020272532,0.002027253,unweighted,Yes,warming_pearson_idirect
109,0.45,0.461625442,0.018136484,0.001813648,unweighted,Yes,warming_pearson_idirect
110,0.5,0.407102473,0.018600131,0.001860013,unweighted,Yes,warming_pearson_idirect
111,0.55,0.355123675,0.019777977,0.001977798,unweighted,Yes,warming_pearson_idirect
112,0.6,0.302279152,0.015541243,0.001554124,unweighted,Yes,warming_pearson_idirect
113,0.65,0.249469965,0.0203283,0.00203283,unweighted,Yes,warming_pearson_idirect
114,0.7,0.202862191,0.015596501,0.00155965,unweighted,Yes,warming_pearson_idirect
115,0.75,0.154452297,0.016245685,0.001624569,unweighted,Yes,warming_pearson_idirect
116,0.8,0.108869258,0.014986993,0.001498699,unweighted,Yes,warming_pearson_idirect
117,0.85,0.074946996,0.013846201,0.00138462,unweighted,Yes,warming_pearson_idirect
118,0.9,0.038056537,0.010981777,0.001098178,unweighted,Yes,warming_pearson_idirect
119,0.95,0.010282686,0.005992142,0.000599214,unweighted,Yes,warming_pearson_idirect
120,1,0,0,0,unweighted,Yes,warming_pearson_idirect
121,0.05,0.938109541,0.008689816,0.000868982,weighted,No,warming_pearson_idirect
122,0.1,0.874522968,0.012009147,0.001200915,weighted,No,warming_pearson_idirect
123,0.15,0.815936396,0.012078262,0.001207826,weighted,No,warming_pearson_idirect
124,0.2,0.753674912,0.016748355,0.001674835,weighted,No,warming_pearson_idirect
125,0.25,0.691236749,0.016067979,0.001606798,weighted,No,warming_pearson_idirect
126,0.3,0.633621908,0.01704594,0.001704594,weighted,No,warming_pearson_idirect
127,0.35,0.576749117,0.018510307,0.001851031,weighted,No,warming_pearson_idirect
128,0.4,0.521448763,0.018982432,0.001898243,weighted,No,warming_pearson_idirect
129,0.45,0.462561837,0.018029449,0.001802945,weighted,No,warming_pearson_idirect
130,0.5,0.404328622,0.019867648,0.001986765,weighted,No,warming_pearson_idirect
131,0.55,0.356731449,0.018919332,0.001891933,weighted,No,warming_pearson_idirect
132,0.6,0.301819788,0.017639366,0.001763937,weighted,No,warming_pearson_idirect
133,0.65,0.252720848,0.020136489,0.002013649,weighted,No,warming_pearson_idirect
134,0.7,0.197190813,0.017527902,0.00175279,weighted,No,warming_pearson_idirect
135,0.75,0.152968198,0.016455879,0.001645588,weighted,No,warming_pearson_idirect
136,0.8,0.110689046,0.01471651,0.001471651,weighted,No,warming_pearson_idirect
137,0.85,0.07245583,0.012881969,0.001288197,weighted,No,warming_pearson_idirect
138,0.9,0.037473498,0.010412528,0.001041253,weighted,No,warming_pearson_idirect
139,0.95,0.011925795,0.005777802,0.00057778,weighted,No,warming_pearson_idirect
140,1,0,0,0,weighted,No,warming_pearson_idirect
141,0.05,0.938710247,0.010368223,0.001036822,unweighted,No,warming_pearson_idirect
142,0.1,0.875742049,0.010535232,0.001053523,unweighted,No,warming_pearson_idirect
143,0.15,0.814787986,0.013923127,0.001392313,unweighted,No,warming_pearson_idirect
144,0.2,0.758780919,0.012793451,0.001279345,unweighted,No,warming_pearson_idirect
145,0.25,0.691890459,0.017545881,0.001754588,unweighted,No,warming_pearson_idirect
146,0.3,0.635106007,0.018617541,0.001861754,unweighted,No,warming_pearson_idirect
147,0.35,0.575176678,0.017928925,0.001792893,unweighted,No,warming_pearson_idirect
148,0.4,0.519911661,0.020511823,0.002051182,unweighted,No,warming_pearson_idirect
149,0.45,0.462031802,0.019258605,0.001925861,unweighted,No,warming_pearson_idirect
150,0.5,0.406272085,0.020890353,0.002089035,unweighted,No,warming_pearson_idirect
151,0.55,0.353657244,0.01832668,0.001832668,unweighted,No,warming_pearson_idirect
152,0.6,0.295918728,0.020440435,0.002044044,unweighted,No,warming_pearson_idirect
153,0.65,0.249787986,0.018758129,0.001875813,unweighted,No,warming_pearson_idirect
154,0.7,0.200212014,0.017394248,0.001739425,unweighted,No,warming_pearson_idirect
155,0.75,0.155106007,0.016498199,0.00164982,unweighted,No,warming_pearson_idirect
156,0.8,0.110636042,0.014127091,0.001412709,unweighted,No,warming_pearson_idirect
157,0.85,0.070777385,0.013457351,0.001345735,unweighted,No,warming_pearson_idirect
158,0.9,0.038957597,0.010014534,0.001001453,unweighted,No,warming_pearson_idirect
159,0.95,0.010123675,0.004848986,0.000484899,unweighted,No,warming_pearson_idirect
160,1,0,0,0,unweighted,No,warming_pearson_idirect
161,0.05,0.934884259,0.005589889,0.000558989,weighted,Yes,warming_spearman_idirect
162,0.1,0.871134259,0.008877604,0.00088776,weighted,Yes,warming_spearman_idirect
163,0.15,0.809097222,0.011860262,0.001186026,weighted,Yes,warming_spearman_idirect
164,0.2,0.74775463,0.012967701,0.00129677,weighted,Yes,warming_spearman_idirect
165,0.25,0.684837963,0.014354096,0.00143541,weighted,Yes,warming_spearman_idirect
166,0.3,0.624976852,0.012926063,0.001292606,weighted,Yes,warming_spearman_idirect
167,0.35,0.566412037,0.015133528,0.001513353,weighted,Yes,warming_spearman_idirect
168,0.4,0.506111111,0.018302495,0.00183025,weighted,Yes,warming_spearman_idirect
169,0.45,0.450486111,0.016901479,0.001690148,weighted,Yes,warming_spearman_idirect
170,0.5,0.396550926,0.018968118,0.001896812,weighted,Yes,warming_spearman_idirect
171,0.55,0.338194444,0.02068995,0.002068995,weighted,Yes,warming_spearman_idirect
172,0.6,0.285231481,0.022774719,0.002277472,weighted,Yes,warming_spearman_idirect
173,0.65,0.23787037,0.016721912,0.001672191,weighted,Yes,warming_spearman_idirect
174,0.7,0.18662037,0.017038259,0.001703826,weighted,Yes,warming_spearman_idirect
175,0.75,0.141365741,0.015415448,0.001541545,weighted,Yes,warming_spearman_idirect
176,0.8,0.10224537,0.014809462,0.001480946,weighted,Yes,warming_spearman_idirect
177,0.85,0.064884259,0.012135446,0.001213545,weighted,Yes,warming_spearman_idirect
178,0.9,0.032615741,0.010125359,0.001012536,weighted,Yes,warming_spearman_idirect
179,0.95,0.010833333,0.006529736,0.000652974,weighted,Yes,warming_spearman_idirect
180,1,0,0,0,weighted,Yes,warming_spearman_idirect
181,0.05,0.934282407,0.007729331,0.000772933,unweighted,Yes,warming_spearman_idirect
182,0.1,0.872476852,0.008767421,0.000876742,unweighted,Yes,warming_spearman_idirect
183,0.15,0.808819444,0.012297777,0.001229778,unweighted,Yes,warming_spearman_idirect
184,0.2,0.748009259,0.013320048,0.001332005,unweighted,Yes,warming_spearman_idirect
185,0.25,0.685787037,0.0158768,0.00158768,unweighted,Yes,warming_spearman_idirect
186,0.3,0.623333333,0.016091684,0.001609168,unweighted,Yes,warming_spearman_idirect
187,0.35,0.565277778,0.015446122,0.001544612,unweighted,Yes,warming_spearman_idirect
188,0.4,0.508078704,0.019711984,0.001971198,unweighted,Yes,warming_spearman_idirect
189,0.45,0.45349537,0.017690693,0.001769069,unweighted,Yes,warming_spearman_idirect
190,0.5,0.390648148,0.0174008,0.00174008,unweighted,Yes,warming_spearman_idirect
191,0.55,0.338981481,0.018504835,0.001850484,unweighted,Yes,warming_spearman_idirect
192,0.6,0.286527778,0.017895973,0.001789597,unweighted,Yes,warming_spearman_idirect
193,0.65,0.233865741,0.017562832,0.001756283,unweighted,Yes,warming_spearman_idirect
194,0.7,0.192638889,0.016894064,0.001689406,unweighted,Yes,warming_spearman_idirect
195,0.75,0.141944444,0.018137208,0.001813721,unweighted,Yes,warming_spearman_idirect
196,0.8,0.100763889,0.015433695,0.001543369,unweighted,Yes,warming_spearman_idirect
197,0.85,0.066550926,0.013929262,0.001392926,unweighted,Yes,warming_spearman_idirect
198,0.9,0.031689815,0.010345341,0.001034534,unweighted,Yes,warming_spearman_idirect
199,0.95,0.010902778,0.006680634,0.000668063,unweighted,Yes,warming_spearman_idirect
200,1,0,0,0,unweighted,Yes,warming_spearman_idirect
201,0.05,0.935393519,0.00671135,0.000671135,weighted,No,warming_spearman_idirect
202,0.1,0.871944444,0.00837454,0.000837454,weighted,No,warming_spearman_idirect
203,0.15,0.807152778,0.012331181,0.001233118,weighted,No,warming_spearman_idirect
204,0.2,0.74599537,0.013545029,0.001354503,weighted,No,warming_spearman_idirect
205,0.25,0.682476852,0.015030748,0.001503075,weighted,No,warming_spearman_idirect
206,0.3,0.623472222,0.015124674,0.001512467,weighted,No,warming_spearman_idirect
207,0.35,0.563055556,0.018289479,0.001828948,weighted,No,warming_spearman_idirect
208,0.4,0.505694444,0.016210116,0.001621012,weighted,No,warming_spearman_idirect
209,0.45,0.452083333,0.018832967,0.001883297,weighted,No,warming_spearman_idirect
210,0.5,0.393032407,0.018463768,0.001846377,weighted,No,warming_spearman_idirect
211,0.55,0.337523148,0.018744226,0.001874423,weighted,No,warming_spearman_idirect
212,0.6,0.284305556,0.019946412,0.001994641,weighted,No,warming_spearman_idirect
213,0.65,0.238472222,0.017146557,0.001714656,weighted,No,warming_spearman_idirect
214,0.7,0.189259259,0.018236133,0.001823613,weighted,No,warming_spearman_idirect
215,0.75,0.144189815,0.016523863,0.001652386,weighted,No,warming_spearman_idirect
216,0.8,0.100138889,0.015268564,0.001526856,weighted,No,warming_spearman_idirect
217,0.85,0.063148148,0.012231515,0.001223151,weighted,No,warming_spearman_idirect
218,0.9,0.033263889,0.011028848,0.001102885,weighted,No,warming_spearman_idirect
219,0.95,0.009953704,0.006625354,0.000662535,weighted,No,warming_spearman_idirect
220,1,0,0,0,weighted,No,warming_spearman_idirect
221,0.05,0.934884259,0.006230919,0.000623092,unweighted,No,warming_spearman_idirect
222,0.1,0.871412037,0.009400663,0.000940066,unweighted,No,warming_spearman_idirect
223,0.15,0.808194444,0.011967319,0.001196732,unweighted,No,warming_spearman_idirect
224,0.2,0.747685185,0.012371956,0.001237196,unweighted,No,warming_spearman_idirect
225,0.25,0.684768519,0.014339024,0.001433902,unweighted,No,warming_spearman_idirect
226,0.3,0.622175926,0.017220892,0.001722089,unweighted,No,warming_spearman_idirect
227,0.35,0.565277778,0.017699578,0.001769958,unweighted,No,warming_spearman_idirect
228,0.4,0.505324074,0.018097235,0.001809724,unweighted,No,warming_spearman_idirect
229,0.45,0.451273148,0.016279933,0.001627993,unweighted,No,warming_spearman_idirect
230,0.5,0.393425926,0.018911606,0.001891161,unweighted,No,warming_spearman_idirect
231,0.55,0.338796296,0.020957718,0.002095772,unweighted,No,warming_spearman_idirect
232,0.6,0.282430556,0.018990362,0.001899036,unweighted,No,warming_spearman_idirect
233,0.65,0.235462963,0.018880557,0.001888056,unweighted,No,warming_spearman_idirect
234,0.7,0.188125,0.018750462,0.001875046,unweighted,No,warming_spearman_idirect
235,0.75,0.144074074,0.017071075,0.001707107,unweighted,No,warming_spearman_idirect
236,0.8,0.100578704,0.012530079,0.001253008,unweighted,No,warming_spearman_idirect
237,0.85,0.064722222,0.01370419,0.001370419,unweighted,No,warming_spearman_idirect
238,0.9,0.032384259,0.010354754,0.001035475,unweighted,No,warming_spearman_idirect
239,0.95,0.010393519,0.00585325,0.000585325,unweighted,No,warming_spearman_idirect
240,1,0,0,0,unweighted,No,warming_spearman_idirect
241,0.05,0.711656442,0.00979234,0.000979234,weighted,Yes,warming_spearman
242,0.1,0.667648262,0.014359065,0.001435907,weighted,Yes,warming_spearman
243,0.15,0.618997955,0.015385052,0.001538505,weighted,Yes,warming_spearman
244,0.2,0.569161554,0.017082136,0.001708214,weighted,Yes,warming_spearman
245,0.25,0.523087935,0.0173579,0.00173579,weighted,Yes,warming_spearman
246,0.3,0.476237219,0.019031782,0.001903178,weighted,Yes,warming_spearman
247,0.35,0.439775051,0.020295164,0.002029516,weighted,Yes,warming_spearman
248,0.4,0.391635992,0.018099399,0.00180994,weighted,Yes,warming_spearman
249,0.45,0.347341513,0.020184548,0.002018455,weighted,Yes,warming_spearman
250,0.5,0.309243354,0.01769123,0.001769123,weighted,Yes,warming_spearman
251,0.55,0.265562372,0.017210589,0.001721059,weighted,Yes,warming_spearman
252,0.6,0.226339468,0.018385113,0.001838511,weighted,Yes,warming_spearman
253,0.65,0.18791411,0.015919945,0.001591995,weighted,Yes,warming_spearman
254,0.7,0.152310838,0.015436543,0.001543654,weighted,Yes,warming_spearman
255,0.75,0.113415133,0.014696186,0.001469619,weighted,Yes,warming_spearman
256,0.8,0.084376278,0.01321353,0.001321353,weighted,Yes,warming_spearman
257,0.85,0.053599182,0.011194438,0.001119444,weighted,Yes,warming_spearman
258,0.9,0.028752556,0.008772125,0.000877213,weighted,Yes,warming_spearman
259,0.95,0.009263804,0.005054974,0.000505497,weighted,Yes,warming_spearman
260,1,0,0,0,weighted,Yes,warming_spearman
261,0.05,0.725889571,0.007836675,0.000783668,unweighted,Yes,warming_spearman
262,0.1,0.677034765,0.011670928,0.001167093,unweighted,Yes,warming_spearman
263,0.15,0.627607362,0.012257883,0.001225788,unweighted,Yes,warming_spearman
264,0.2,0.580736196,0.01750496,0.001750496,unweighted,Yes,warming_spearman
265,0.25,0.537423313,0.017615663,0.001761566,unweighted,Yes,warming_spearman
266,0.3,0.487689162,0.016566419,0.001656642,unweighted,Yes,warming_spearman
267,0.35,0.444376278,0.018938822,0.001893882,unweighted,Yes,warming_spearman
268,0.4,0.397546012,0.015649939,0.001564994,unweighted,Yes,warming_spearman
269,0.45,0.351431493,0.018374759,0.001837476,unweighted,Yes,warming_spearman
270,0.5,0.31196319,0.01947518,0.001947518,unweighted,Yes,warming_spearman
271,0.55,0.266421268,0.017323271,0.001732327,unweighted,Yes,warming_spearman
272,0.6,0.229734151,0.016357904,0.00163579,unweighted,Yes,warming_spearman
273,0.65,0.189631902,0.017158562,0.001715856,unweighted,Yes,warming_spearman
274,0.7,0.154621677,0.018163236,0.001816324,unweighted,Yes,warming_spearman
275,0.75,0.117770961,0.015117494,0.001511749,unweighted,Yes,warming_spearman
276,0.8,0.084887526,0.013055538,0.001305554,unweighted,Yes,warming_spearman
277,0.85,0.054294479,0.010162271,0.001016227,unweighted,Yes,warming_spearman
278,0.9,0.029509202,0.008831803,0.00088318,unweighted,Yes,warming_spearman
279,0.95,0.008997955,0.006096982,0.000609698,unweighted,Yes,warming_spearman
280,1,0,0,0,unweighted,Yes,warming_spearman
281,0.05,0.733067485,0.007877187,0.000787719,weighted,No,warming_spearman
282,0.1,0.682576687,0.009837874,0.000983787,weighted,No,warming_spearman
283,0.15,0.63603272,0.012582618,0.001258262,weighted,No,warming_spearman
284,0.2,0.586134969,0.013801956,0.001380196,weighted,No,warming_spearman
285,0.25,0.539693252,0.0161392,0.00161392,weighted,No,warming_spearman
286,0.3,0.490388548,0.0147036,0.00147036,weighted,No,warming_spearman
287,0.35,0.446687117,0.019234844,0.001923484,weighted,No,warming_spearman
288,0.4,0.400327198,0.016365391,0.001636539,weighted,No,warming_spearman
289,0.45,0.356482618,0.015573853,0.001557385,weighted,No,warming_spearman
290,0.5,0.315214724,0.015695812,0.001569581,weighted,No,warming_spearman
291,0.55,0.271697342,0.018011724,0.001801172,weighted,No,warming_spearman
292,0.6,0.230961145,0.016266231,0.001626623,weighted,No,warming_spearman
293,0.65,0.193456033,0.015754856,0.001575486,weighted,No,warming_spearman
294,0.7,0.153026585,0.01605512,0.001605512,weighted,No,warming_spearman
295,0.75,0.117300613,0.013675092,0.001367509,weighted,No,warming_spearman
296,0.8,0.085194274,0.013067585,0.001306759,weighted,No,warming_spearman
297,0.85,0.054478528,0.011371246,0.001137125,weighted,No,warming_spearman
298,0.9,0.030531697,0.008375183,0.000837518,weighted,No,warming_spearman
299,0.95,0.009202454,0.005824133,0.000582413,weighted,No,warming_spearman
300,1,0,0,0,weighted,No,warming_spearman
301,0.05,0.729243354,0.008231438,0.000823144,unweighted,No,warming_spearman
302,0.1,0.678588957,0.012858493,0.001285849,unweighted,No,warming_spearman
303,0.15,0.631717791,0.014201146,0.001420115,unweighted,No,warming_spearman
304,0.2,0.582985685,0.01372492,0.001372492,unweighted,No,warming_spearman
305,0.25,0.535439673,0.016357478,0.001635748,unweighted,No,warming_spearman
306,0.3,0.491799591,0.016142864,0.001614286,unweighted,No,warming_spearman
307,0.35,0.443333333,0.018280075,0.001828008,unweighted,No,warming_spearman
308,0.4,0.401492843,0.018376322,0.001837632,unweighted,No,warming_spearman
309,0.45,0.358200409,0.015567993,0.001556799,unweighted,No,warming_spearman
310,0.5,0.318732106,0.017158969,0.001715897,unweighted,No,warming_spearman
311,0.55,0.271083845,0.017721624,0.001772162,unweighted,No,warming_spearman
312,0.6,0.232249489,0.016718143,0.001671814,unweighted,No,warming_spearman
313,0.65,0.191574642,0.015142022,0.001514202,unweighted,No,warming_spearman
314,0.7,0.155276074,0.016667532,0.001666753,unweighted,No,warming_spearman
315,0.75,0.117893661,0.013671555,0.001367155,unweighted,No,warming_spearman
316,0.8,0.085685072,0.013447643,0.001344764,unweighted,No,warming_spearman
317,0.85,0.055889571,0.010616354,0.001061635,unweighted,No,warming_spearman
318,0.9,0.030184049,0.009701849,0.000970185,unweighted,No,warming_spearman
319,0.95,0.01,0.005841478,0.000584148,unweighted,No,warming_spearman
320,1,0,0,0,unweighted,No,warming_spearman
321,0.05,0.876443662,0.011169536,0.001116954,weighted,Yes,control_spearman
322,0.1,0.814049296,0.013857675,0.001385768,weighted,Yes,control_spearman
323,0.15,0.745704225,0.018104194,0.001810419,weighted,Yes,control_spearman
324,0.2,0.684049296,0.020155105,0.002015511,weighted,Yes,control_spearman
325,0.25,0.628556338,0.020662217,0.002066222,weighted,Yes,control_spearman
326,0.3,0.566021127,0.021580552,0.002158055,weighted,Yes,control_spearman
327,0.35,0.506443662,0.022326035,0.002232603,weighted,Yes,control_spearman
328,0.4,0.451197183,0.026139835,0.002613983,weighted,Yes,control_spearman
329,0.45,0.399929577,0.023856154,0.002385615,weighted,Yes,control_spearman
330,0.5,0.346126761,0.024274141,0.002427414,weighted,Yes,control_spearman
331,0.55,0.296161972,0.018209827,0.001820983,weighted,Yes,control_spearman
332,0.6,0.250246479,0.023714387,0.002371439,weighted,Yes,control_spearman
333,0.65,0.202570423,0.021765922,0.002176592,weighted,Yes,control_spearman
334,0.7,0.155739437,0.019867224,0.001986722,weighted,Yes,control_spearman
335,0.75,0.117711268,0.02101535,0.002101535,weighted,Yes,control_spearman
336,0.8,0.082922535,0.018768503,0.00187685,weighted,Yes,control_spearman
337,0.85,0.05165493,0.014462275,0.001446227,weighted,Yes,control_spearman
338,0.9,0.024753521,0.010371412,0.001037141,weighted,Yes,control_spearman
339,0.95,0.006408451,0.007259075,0.000725908,weighted,Yes,control_spearman
340,1,0,0,0,weighted,Yes,control_spearman
341,0.05,0.87693662,0.009824735,0.000982473,unweighted,Yes,control_spearman
342,0.1,0.81556338,0.014029091,0.001402909,unweighted,Yes,control_spearman
343,0.15,0.748098592,0.017296475,0.001729647,unweighted,Yes,control_spearman
344,0.2,0.687640845,0.018734575,0.001873458,unweighted,Yes,control_spearman
345,0.25,0.629894366,0.017292673,0.001729267,unweighted,Yes,control_spearman
346,0.3,0.57278169,0.017891792,0.001789179,unweighted,Yes,control_spearman
347,0.35,0.514577465,0.019975133,0.001997513,unweighted,Yes,control_spearman
348,0.4,0.457253521,0.022615649,0.002261565,unweighted,Yes,control_spearman
349,0.45,0.398028169,0.022504069,0.002250407,unweighted,Yes,control_spearman
350,0.5,0.350915493,0.023363053,0.002336305,unweighted,Yes,control_spearman
351,0.55,0.301795775,0.021510336,0.002151034,unweighted,Yes,control_spearman
352,0.6,0.254084507,0.022104288,0.002210429,unweighted,Yes,control_spearman
353,0.65,0.202676056,0.021340973,0.002134097,unweighted,Yes,control_spearman
354,0.7,0.161161972,0.021114042,0.002111404,unweighted,Yes,control_spearman
355,0.75,0.119471831,0.020299983,0.002029998,unweighted,Yes,control_spearman
356,0.8,0.083485915,0.017625505,0.00176255,unweighted,Yes,control_spearman
357,0.85,0.051690141,0.01607658,0.001607658,unweighted,Yes,control_spearman
358,0.9,0.024119718,0.012221901,0.00122219,unweighted,Yes,control_spearman
359,0.95,0.005492958,0.006095073,0.000609507,unweighted,Yes,control_spearman
360,1,0,0,0,unweighted,Yes,control_spearman
361,0.05,0.876161972,0.008683643,0.000868364,weighted,No,control_spearman
362,0.1,0.814577465,0.013988326,0.001398833,weighted,No,control_spearman
363,0.15,0.750704225,0.016061928,0.001606193,weighted,No,control_spearman
364,0.2,0.688943662,0.017156893,0.001715689,weighted,No,control_spearman
365,0.25,0.626408451,0.019776528,0.001977653,weighted,No,control_spearman
366,0.3,0.569788732,0.020002449,0.002000245,weighted,No,control_spearman
367,0.35,0.511091549,0.020950413,0.002095041,weighted,No,control_spearman
368,0.4,0.449964789,0.021293828,0.002129383,weighted,No,control_spearman
369,0.45,0.399577465,0.023337631,0.002333763,weighted,No,control_spearman
370,0.5,0.350105634,0.024600869,0.002460087,weighted,No,control_spearman
371,0.55,0.300422535,0.021402853,0.002140285,weighted,No,control_spearman
372,0.6,0.246443662,0.024325653,0.002432565,weighted,No,control_spearman
373,0.65,0.199929577,0.022171381,0.002217138,weighted,No,control_spearman
374,0.7,0.159859155,0.023970427,0.002397043,weighted,No,control_spearman
375,0.75,0.117288732,0.021207787,0.002120779,weighted,No,control_spearman
376,0.8,0.084401408,0.01644301,0.001644301,weighted,No,control_spearman
377,0.85,0.049471831,0.013580901,0.00135809,weighted,No,control_spearman
378,0.9,0.024330986,0.009998094,0.000999809,weighted,No,control_spearman
379,0.95,0.006056338,0.006212297,0.00062123,weighted,No,control_spearman
380,1,0,0,0,weighted,No,control_spearman
381,0.05,0.877007042,0.0103327,0.00103327,unweighted,No,control_spearman
382,0.1,0.815809859,0.012756567,0.001275657,unweighted,No,control_spearman
383,0.15,0.750140845,0.014921428,0.001492143,unweighted,No,control_spearman
384,0.2,0.689507042,0.019725041,0.001972504,unweighted,No,control_spearman
385,0.25,0.628697183,0.020709924,0.002070992,unweighted,No,control_spearman
386,0.3,0.572852113,0.020862475,0.002086248,unweighted,No,control_spearman
387,0.35,0.518450704,0.023560022,0.002356002,unweighted,No,control_spearman
388,0.4,0.455528169,0.024057285,0.002405729,unweighted,No,control_spearman
389,0.45,0.401760563,0.024196629,0.002419663,unweighted,No,control_spearman
390,0.5,0.35278169,0.022812346,0.002281235,unweighted,No,control_spearman
391,0.55,0.301091549,0.022473858,0.002247386,unweighted,No,control_spearman
392,0.6,0.252922535,0.020972399,0.00209724,unweighted,No,control_spearman
393,0.65,0.201197183,0.021918237,0.002191824,unweighted,No,control_spearman
394,0.7,0.160528169,0.020580838,0.002058084,unweighted,No,control_spearman
395,0.75,0.120950704,0.019327358,0.001932736,unweighted,No,control_spearman
396,0.8,0.084401408,0.018688796,0.00186888,unweighted,No,control_spearman
397,0.85,0.054190141,0.018009279,0.001800928,unweighted,No,control_spearman
398,0.9,0.023415493,0.010991867,0.001099187,unweighted,No,control_spearman
399,0.95,0.006795775,0.006031768,0.000603177,unweighted,No,control_spearman
400,1,0,0,0,unweighted,No,control_spearman
401,0.05,0.9314,0.009737981,0.000973798,weighted,Yes,control_spearman_idirect
402,0.1,0.8616,0.011455668,0.001145567,weighted,Yes,control_spearman_idirect
403,0.15,0.79412,0.017856487,0.001785649,weighted,Yes,control_spearman_idirect
404,0.2,0.73048,0.018455778,0.001845578,weighted,Yes,control_spearman_idirect
405,0.25,0.66712,0.019006262,0.001900626,weighted,Yes,control_spearman_idirect
406,0.3,0.60228,0.021553823,0.002155382,weighted,Yes,control_spearman_idirect
407,0.35,0.54036,0.022535055,0.002253505,weighted,Yes,control_spearman_idirect
408,0.4,0.48448,0.023594418,0.002359442,weighted,Yes,control_spearman_idirect
409,0.45,0.42756,0.024059824,0.002405982,weighted,Yes,control_spearman_idirect
410,0.5,0.36332,0.024697311,0.002469731,weighted,Yes,control_spearman_idirect
411,0.55,0.31092,0.025008152,0.002500815,weighted,Yes,control_spearman_idirect
412,0.6,0.26356,0.023516304,0.00235163,weighted,Yes,control_spearman_idirect
413,0.65,0.208,0.0225272,0.00225272,weighted,Yes,control_spearman_idirect
414,0.7,0.16576,0.020572179,0.002057218,weighted,Yes,control_spearman_idirect
415,0.75,0.12196,0.021008858,0.002100886,weighted,Yes,control_spearman_idirect
416,0.8,0.08472,0.019391803,0.00193918,weighted,Yes,control_spearman_idirect
417,0.85,0.05056,0.01679365,0.001679365,weighted,Yes,control_spearman_idirect
418,0.9,0.0276,0.011075498,0.00110755,weighted,Yes,control_spearman_idirect
419,0.95,0.0056,0.006750982,0.000675098,weighted,Yes,control_spearman_idirect
420,1,0,0,0,weighted,Yes,control_spearman_idirect
421,0.05,0.93272,0.009103313,0.000910331,unweighted,Yes,control_spearman_idirect
422,0.1,0.86216,0.013338423,0.001333842,unweighted,Yes,control_spearman_idirect
423,0.15,0.79608,0.016487326,0.001648733,unweighted,Yes,control_spearman_idirect
424,0.2,0.7304,0.017661234,0.001766123,unweighted,Yes,control_spearman_idirect
425,0.25,0.67084,0.018381326,0.001838133,unweighted,Yes,control_spearman_idirect
426,0.3,0.60412,0.019450678,0.001945068,unweighted,Yes,control_spearman_idirect
427,0.35,0.5402,0.021808163,0.002180816,unweighted,Yes,control_spearman_idirect
428,0.4,0.48316,0.022650939,0.002265094,unweighted,Yes,control_spearman_idirect
429,0.45,0.42216,0.022566051,0.002256605,unweighted,Yes,control_spearman_idirect
430,0.5,0.36652,0.025707948,0.002570795,unweighted,Yes,control_spearman_idirect
431,0.55,0.30828,0.020953089,0.002095309,unweighted,Yes,control_spearman_idirect
432,0.6,0.26052,0.022937103,0.00229371,unweighted,Yes,control_spearman_idirect
433,0.65,0.21056,0.025637851,0.002563785,unweighted,Yes,control_spearman_idirect
434,0.7,0.16144,0.022096355,0.002209635,unweighted,Yes,control_spearman_idirect
435,0.75,0.12324,0.021810534,0.002181053,unweighted,Yes,control_spearman_idirect
436,0.8,0.08352,0.018651769,0.001865177,unweighted,Yes,control_spearman_idirect
437,0.85,0.04932,0.017113336,0.001711334,unweighted,Yes,control_spearman_idirect
438,0.9,0.02452,0.011715896,0.00117159,unweighted,Yes,control_spearman_idirect
439,0.95,0.00616,0.005892505,0.000589251,unweighted,Yes,control_spearman_idirect
440,1,0,0,0,unweighted,Yes,control_spearman_idirect
441,0.05,0.93444,0.00944342,0.000944342,weighted,No,control_spearman_idirect
442,0.1,0.86492,0.012774406,0.001277441,weighted,No,control_spearman_idirect
443,0.15,0.79776,0.014829073,0.001482907,weighted,No,control_spearman_idirect
444,0.2,0.72972,0.020094765,0.002009477,weighted,No,control_spearman_idirect
445,0.25,0.667,0.02027986,0.002027986,weighted,No,control_spearman_idirect
446,0.3,0.605,0.020263915,0.002026392,weighted,No,control_spearman_idirect
447,0.35,0.54136,0.020555675,0.002055567,weighted,No,control_spearman_idirect
448,0.4,0.48372,0.021954995,0.0021955,weighted,No,control_spearman_idirect
449,0.45,0.4238,0.025230253,0.002523025,weighted,No,control_spearman_idirect
450,0.5,0.3698,0.022226565,0.002222657,weighted,No,control_spearman_idirect
451,0.55,0.31068,0.02280567,0.002280567,weighted,No,control_spearman_idirect
452,0.6,0.26552,0.025582696,0.00255827,weighted,No,control_spearman_idirect
453,0.65,0.21,0.025237458,0.002523746,weighted,No,control_spearman_idirect
454,0.7,0.16356,0.022690861,0.002269086,weighted,No,control_spearman_idirect
455,0.75,0.11996,0.024057137,0.002405714,weighted,No,control_spearman_idirect
456,0.8,0.08636,0.019297522,0.001929752,weighted,No,control_spearman_idirect
457,0.85,0.0526,0.016763356,0.001676336,weighted,No,control_spearman_idirect
458,0.9,0.02588,0.011809327,0.001180933,weighted,No,control_spearman_idirect
459,0.95,0.00556,0.00612054,0.000612054,weighted,No,control_spearman_idirect
460,1,0,0,0,weighted,No,control_spearman_idirect
461,0.05,0.93432,0.009980668,0.000998067,unweighted,No,control_spearman_idirect
462,0.1,0.867,0.01500303,0.001500303,unweighted,No,control_spearman_idirect
463,0.15,0.79152,0.016982748,0.001698275,unweighted,No,control_spearman_idirect
464,0.2,0.7328,0.016300214,0.001630021,unweighted,No,control_spearman_idirect
465,0.25,0.66952,0.016709327,0.001670933,unweighted,No,control_spearman_idirect
466,0.3,0.6046,0.0215172,0.00215172,unweighted,No,control_spearman_idirect
467,0.35,0.53796,0.021450399,0.00214504,unweighted,No,control_spearman_idirect
468,0.4,0.48052,0.024165457,0.002416546,unweighted,No,control_spearman_idirect
469,0.45,0.42292,0.024630473,0.002463047,unweighted,No,control_spearman_idirect
470,0.5,0.36956,0.022612377,0.002261238,unweighted,No,control_spearman_idirect
471,0.55,0.30944,0.025422618,0.002542262,unweighted,No,control_spearman_idirect
472,0.6,0.25928,0.025668469,0.002566847,unweighted,No,control_spearman_idirect
473,0.65,0.21052,0.023767595,0.00237676,unweighted,No,control_spearman_idirect
474,0.7,0.1628,0.022509257,0.002250926,unweighted,No,control_spearman_idirect
475,0.75,0.11868,0.020189446,0.002018945,unweighted,No,control_spearman_idirect
476,0.8,0.08444,0.018129902,0.00181299,unweighted,No,control_spearman_idirect
477,0.85,0.0496,0.014901698,0.00149017,unweighted,No,control_spearman_idirect
478,0.9,0.02472,0.011930845,0.001193084,unweighted,No,control_spearman_idirect
479,0.95,0.00624,0.006440277,0.000644028,unweighted,No,control_spearman_idirect
480,1,0,0,0,unweighted,No,control_spearman_idirect
481,0.05,0.929447674,0.01264664,0.001264664,weighted,Yes,control_pearson_idirect
482,0.1,0.862122093,0.017320338,0.001732034,weighted,Yes,control_pearson_idirect
483,0.15,0.789040698,0.018479135,0.001847914,weighted,Yes,control_pearson_idirect
484,0.2,0.727093023,0.02226682,0.002226682,weighted,Yes,control_pearson_idirect
485,0.25,0.657994186,0.023080348,0.002308035,weighted,Yes,control_pearson_idirect
486,0.3,0.592819767,0.024990558,0.002499056,weighted,Yes,control_pearson_idirect
487,0.35,0.538662791,0.02437585,0.002437585,weighted,Yes,control_pearson_idirect
488,0.4,0.467005814,0.024347382,0.002434738,weighted,Yes,control_pearson_idirect
489,0.45,0.412296512,0.024349766,0.002434977,weighted,Yes,control_pearson_idirect
490,0.5,0.356889535,0.026436575,0.002643657,weighted,Yes,control_pearson_idirect
491,0.55,0.304767442,0.026387661,0.002638766,weighted,Yes,control_pearson_idirect
492,0.6,0.261686047,0.024759704,0.00247597,weighted,Yes,control_pearson_idirect
493,0.65,0.204389535,0.023170117,0.002317012,weighted,Yes,control_pearson_idirect
494,0.7,0.161133721,0.020552336,0.002055234,weighted,Yes,control_pearson_idirect
495,0.75,0.115581395,0.016651295,0.00166513,weighted,Yes,control_pearson_idirect
496,0.8,0.084011628,0.01638975,0.001638975,weighted,Yes,control_pearson_idirect
497,0.85,0.054011628,0.015377724,0.001537772,weighted,Yes,control_pearson_idirect
498,0.9,0.023953488,0.009531116,0.000953112,weighted,Yes,control_pearson_idirect
499,0.95,0.005319767,0.005094943,0.000509494,weighted,Yes,control_pearson_idirect
500,1,0,0,0,weighted,Yes,control_pearson_idirect
501,0.05,0.929680233,0.013720396,0.00137204,unweighted,Yes,control_pearson_idirect
502,0.1,0.86252907,0.016205363,0.001620536,unweighted,Yes,control_pearson_idirect
503,0.15,0.793837209,0.018651207,0.001865121,unweighted,Yes,control_pearson_idirect
504,0.2,0.725203488,0.023323453,0.002332345,unweighted,Yes,control_pearson_idirect
505,0.25,0.661889535,0.021300585,0.002130058,unweighted,Yes,control_pearson_idirect
506,0.3,0.592877907,0.025748007,0.002574801,unweighted,Yes,control_pearson_idirect
507,0.35,0.532354651,0.025595989,0.002559599,unweighted,Yes,control_pearson_idirect
508,0.4,0.472180233,0.028932183,0.002893218,unweighted,Yes,control_pearson_idirect
509,0.45,0.413401163,0.026373344,0.002637334,unweighted,Yes,control_pearson_idirect
510,0.5,0.357877907,0.025392556,0.002539256,unweighted,Yes,control_pearson_idirect
511,0.55,0.300901163,0.025107237,0.002510724,unweighted,Yes,control_pearson_idirect
512,0.6,0.25880814,0.02359634,0.002359634,unweighted,Yes,control_pearson_idirect
513,0.65,0.204912791,0.018936503,0.00189365,unweighted,Yes,control_pearson_idirect
514,0.7,0.156889535,0.022225284,0.002222528,unweighted,Yes,control_pearson_idirect
515,0.75,0.120203488,0.020767674,0.002076767,unweighted,Yes,control_pearson_idirect
516,0.8,0.082151163,0.018182817,0.001818282,unweighted,Yes,control_pearson_idirect
517,0.85,0.052063953,0.016272645,0.001627265,unweighted,Yes,control_pearson_idirect
518,0.9,0.022994186,0.00893935,0.000893935,unweighted,Yes,control_pearson_idirect
519,0.95,0.005784884,0.005642513,0.000564251,unweighted,Yes,control_pearson_idirect
520,1,0,0,0,unweighted,Yes,control_pearson_idirect
521,0.05,0.930959302,0.010316055,0.001031605,weighted,No,control_pearson_idirect
522,0.1,0.861104651,0.016064031,0.001606403,weighted,No,control_pearson_idirect
523,0.15,0.792645349,0.018034027,0.001803403,weighted,No,control_pearson_idirect
524,0.2,0.723226744,0.02223235,0.002223235,weighted,No,control_pearson_idirect
525,0.25,0.661598837,0.025295557,0.002529556,weighted,No,control_pearson_idirect
526,0.3,0.595348837,0.026053264,0.002605326,weighted,No,control_pearson_idirect
527,0.35,0.533343023,0.026778554,0.002677855,weighted,No,control_pearson_idirect
528,0.4,0.468343023,0.024436688,0.002443669,weighted,No,control_pearson_idirect
529,0.45,0.414273256,0.026634855,0.002663486,weighted,No,control_pearson_idirect
530,0.5,0.35872093,0.025139531,0.002513953,weighted,No,control_pearson_idirect
531,0.55,0.304680233,0.025515961,0.002551596,weighted,No,control_pearson_idirect
532,0.6,0.246104651,0.026717171,0.002671717,weighted,No,control_pearson_idirect
533,0.65,0.205465116,0.022107546,0.002210755,weighted,No,control_pearson_idirect
534,0.7,0.160319767,0.02296913,0.002296913,weighted,No,control_pearson_idirect
535,0.75,0.119360465,0.019519493,0.001951949,weighted,No,control_pearson_idirect
536,0.8,0.082354651,0.015526185,0.001552619,weighted,No,control_pearson_idirect
537,0.85,0.051918605,0.012788695,0.00127887,weighted,No,control_pearson_idirect
538,0.9,0.023517442,0.010387957,0.001038796,weighted,No,control_pearson_idirect
539,0.95,0.00627907,0.005508167,0.000550817,weighted,No,control_pearson_idirect
540,1,0,0,0,weighted,No,control_pearson_idirect
541,0.05,0.929563953,0.012297598,0.00122976,unweighted,No,control_pearson_idirect
542,0.1,0.862034884,0.0188186,0.00188186,unweighted,No,control_pearson_idirect
543,0.15,0.789476744,0.021330559,0.002133056,unweighted,No,control_pearson_idirect
544,0.2,0.720843023,0.022700285,0.002270029,unweighted,No,control_pearson_idirect
545,0.25,0.660639535,0.021094917,0.002109492,unweighted,No,control_pearson_idirect
546,0.3,0.597965116,0.025801409,0.002580141,unweighted,No,control_pearson_idirect
547,0.35,0.532587209,0.024733196,0.00247332,unweighted,No,control_pearson_idirect
548,0.4,0.473837209,0.024527705,0.00245277,unweighted,No,control_pearson_idirect
549,0.45,0.41377907,0.023628026,0.002362803,unweighted,No,control_pearson_idirect
550,0.5,0.359476744,0.027526017,0.002752602,unweighted,No,control_pearson_idirect
551,0.55,0.300930233,0.022515374,0.002251537,unweighted,No,control_pearson_idirect
552,0.6,0.253546512,0.023073709,0.002307371,unweighted,No,control_pearson_idirect
553,0.65,0.204680233,0.024580181,0.002458018,unweighted,No,control_pearson_idirect
554,0.7,0.156744186,0.01852262,0.001852262,unweighted,No,control_pearson_idirect
555,0.75,0.11752907,0.018451399,0.00184514,unweighted,No,control_pearson_idirect
556,0.8,0.081453488,0.018496334,0.001849633,unweighted,No,control_pearson_idirect
557,0.85,0.05119186,0.01485664,0.001485664,unweighted,No,control_pearson_idirect
558,0.9,0.024505814,0.010949301,0.00109493,unweighted,No,control_pearson_idirect
559,0.95,0.006133721,0.005768187,0.000576819,unweighted,No,control_pearson_idirect
560,1,0,0,0,unweighted,No,control_pearson_idirect
561,0.05,0.608292079,0.00873451,0.000873451,weighted,Yes,control_pearson
562,0.1,0.561856436,0.013906741,0.001390674,weighted,Yes,control_pearson
563,0.15,0.519950495,0.013965913,0.001396591,weighted,Yes,control_pearson
564,0.2,0.476608911,0.018474128,0.001847413,weighted,Yes,control_pearson
565,0.25,0.437227723,0.021352442,0.002135244,weighted,Yes,control_pearson
566,0.3,0.399628713,0.019643124,0.001964312,weighted,Yes,control_pearson
567,0.35,0.361980198,0.018379232,0.001837923,weighted,Yes,control_pearson
568,0.4,0.31789604,0.019500451,0.001950045,weighted,Yes,control_pearson
569,0.45,0.276806931,0.020896989,0.002089699,weighted,Yes,control_pearson
570,0.5,0.242153465,0.019642116,0.001964212,weighted,Yes,control_pearson
571,0.55,0.202846535,0.023538526,0.002353853,weighted,Yes,control_pearson
572,0.6,0.172623762,0.018340467,0.001834047,weighted,Yes,control_pearson
573,0.65,0.139430693,0.019739547,0.001973955,weighted,Yes,control_pearson
574,0.7,0.110742574,0.016630981,0.001663098,weighted,Yes,control_pearson
575,0.75,0.088910891,0.016590221,0.001659022,weighted,Yes,control_pearson
576,0.8,0.058985149,0.013775105,0.00137751,weighted,Yes,control_pearson
577,0.85,0.036435644,0.012008642,0.001200864,weighted,Yes,control_pearson
578,0.9,0.019158416,0.007996531,0.000799653,weighted,Yes,control_pearson
579,0.95,0.005420792,0.005008845,0.000500884,weighted,Yes,control_pearson
580,1,0,0,0,weighted,Yes,control_pearson
581,0.05,0.605346535,0.009598334,0.000959833,unweighted,Yes,control_pearson
582,0.1,0.561658416,0.015424229,0.001542423,unweighted,Yes,control_pearson
583,0.15,0.516707921,0.015027028,0.001502703,unweighted,Yes,control_pearson
584,0.2,0.476534653,0.02009509,0.002009509,unweighted,Yes,control_pearson
585,0.25,0.433688119,0.018557421,0.001855742,unweighted,Yes,control_pearson
586,0.3,0.396386139,0.018877235,0.001887723,unweighted,Yes,control_pearson
587,0.35,0.360123762,0.02166599,0.002166599,unweighted,Yes,control_pearson
588,0.4,0.315445545,0.018982832,0.001898283,unweighted,Yes,control_pearson
589,0.45,0.281410891,0.024164675,0.002416468,unweighted,Yes,control_pearson
590,0.5,0.249009901,0.02250525,0.002250525,unweighted,Yes,control_pearson
591,0.55,0.210346535,0.018873825,0.001887382,unweighted,Yes,control_pearson
592,0.6,0.17519802,0.018340332,0.001834033,unweighted,Yes,control_pearson
593,0.65,0.142128713,0.019267142,0.001926714,unweighted,Yes,control_pearson
594,0.7,0.111559406,0.016681643,0.001668164,unweighted,Yes,control_pearson
595,0.75,0.084826733,0.016110174,0.001611017,unweighted,Yes,control_pearson
596,0.8,0.057846535,0.013455102,0.00134551,unweighted,Yes,control_pearson
597,0.85,0.037846535,0.011138169,0.001113817,unweighted,Yes,control_pearson
598,0.9,0.019257426,0.008455165,0.000845517,unweighted,Yes,control_pearson
599,0.95,0.004257426,0.004352866,0.000435287,unweighted,Yes,control_pearson
600,1,0,0,0,unweighted,Yes,control_pearson
601,0.05,0.606212871,0.009493144,0.000949314,weighted,No,control_pearson
602,0.1,0.566089109,0.01166047,0.001166047,weighted,No,control_pearson
603,0.15,0.51950495,0.016019355,0.001601935,weighted,No,control_pearson
604,0.2,0.478811881,0.018288767,0.001828877,weighted,No,control_pearson
605,0.25,0.432178218,0.017990858,0.001799086,weighted,No,control_pearson
606,0.3,0.397153465,0.020421644,0.002042164,weighted,No,control_pearson
607,0.35,0.35730198,0.019636822,0.001963682,weighted,No,control_pearson
608,0.4,0.31700495,0.019970824,0.001997082,weighted,No,control_pearson
609,0.45,0.279009901,0.020353968,0.002035397,weighted,No,control_pearson
610,0.5,0.24269802,0.023425198,0.00234252,weighted,No,control_pearson
611,0.55,0.205940594,0.02256841,0.002256841,weighted,No,control_pearson
612,0.6,0.174876238,0.021045486,0.002104549,weighted,No,control_pearson
613,0.65,0.143267327,0.020614398,0.00206144,weighted,No,control_pearson
614,0.7,0.109925743,0.018145319,0.001814532,weighted,No,control_pearson
615,0.75,0.083564356,0.01624508,0.001624508,weighted,No,control_pearson
616,0.8,0.056361386,0.013966068,0.001396607,weighted,No,control_pearson
617,0.85,0.036460396,0.01116902,0.001116902,weighted,No,control_pearson
618,0.9,0.01779703,0.008974387,0.000897439,weighted,No,control_pearson
619,0.95,0.005346535,0.004794523,0.000479452,weighted,No,control_pearson
620,1,0,0,0,weighted,No,control_pearson
621,0.05,0.606559406,0.008283576,0.000828358,unweighted,No,control_pearson
622,0.1,0.562574257,0.013281149,0.001328115,unweighted,No,control_pearson
623,0.15,0.518539604,0.015977635,0.001597763,unweighted,No,control_pearson
624,0.2,0.475643564,0.019700837,0.001970084,unweighted,No,control_pearson
625,0.25,0.437227723,0.017961664,0.001796166,unweighted,No,control_pearson
626,0.3,0.395321782,0.0184101,0.00184101,unweighted,No,control_pearson
627,0.35,0.356831683,0.02182033,0.002182033,unweighted,No,control_pearson
628,0.4,0.317549505,0.020515133,0.002051513,unweighted,No,control_pearson
629,0.45,0.278168317,0.020498489,0.002049849,unweighted,No,control_pearson
630,0.5,0.241336634,0.02095745,0.002095745,unweighted,No,control_pearson
631,0.55,0.208118812,0.023312129,0.002331213,unweighted,No,control_pearson
632,0.6,0.175594059,0.020869621,0.002086962,unweighted,No,control_pearson
633,0.65,0.144158416,0.020093982,0.002009398,unweighted,No,control_pearson
634,0.7,0.112623762,0.017596095,0.001759609,unweighted,No,control_pearson
635,0.75,0.083910891,0.016131845,0.001613184,unweighted,No,control_pearson
636,0.8,0.060816832,0.012066096,0.00120661,unweighted,No,control_pearson
637,0.85,0.03740099,0.012532245,0.001253225,unweighted,No,control_pearson
638,0.9,0.017574257,0.0084179,0.00084179,unweighted,No,control_pearson
639,0.95,0.00509901,0.004743915,0.000474391,unweighted,No,control_pearson
640,1,0,0,0,unweighted,No,control_pearson
,Proportion.removed,remain.mean,remain.sd,remain.se,weighted,consider_cascade,network
1,0.05,0.934906367,0.009444733,0.000944473,weighted,Yes,control_spearman_ndgs
2,0.1,0.861310861,0.012398467,0.001239847,weighted,Yes,control_spearman_ndgs
3,0.15,0.798988764,0.018037132,0.001803713,weighted,Yes,control_spearman_ndgs
4,0.2,0.734831461,0.019552042,0.001955204,weighted,Yes,control_spearman_ndgs
5,0.25,0.668951311,0.016406802,0.00164068,weighted,Yes,control_spearman_ndgs
6,0.3,0.60247191,0.020500273,0.002050027,weighted,Yes,control_spearman_ndgs
7,0.35,0.54988764,0.02338272,0.002338272,weighted,Yes,control_spearman_ndgs
8,0.4,0.486853933,0.022732041,0.002273204,weighted,Yes,control_spearman_ndgs
9,0.45,0.426029963,0.025797039,0.002579704,weighted,Yes,control_spearman_ndgs
10,0.5,0.373071161,0.022382798,0.00223828,weighted,Yes,control_spearman_ndgs
11,0.55,0.314606742,0.023567536,0.002356754,weighted,Yes,control_spearman_ndgs
12,0.6,0.262359551,0.024788676,0.002478868,weighted,Yes,control_spearman_ndgs
13,0.65,0.213071161,0.023355526,0.002335553,weighted,Yes,control_spearman_ndgs
14,0.7,0.169325843,0.022817895,0.00228179,weighted,Yes,control_spearman_ndgs
15,0.75,0.12670412,0.021207141,0.002120714,weighted,Yes,control_spearman_ndgs
16,0.8,0.088277154,0.017665669,0.001766567,weighted,Yes,control_spearman_ndgs
17,0.85,0.055617978,0.014650135,0.001465013,weighted,Yes,control_spearman_ndgs
18,0.9,0.025842697,0.011620307,0.001162031,weighted,Yes,control_spearman_ndgs
19,0.95,0.006329588,0.006178199,0.00061782,weighted,Yes,control_spearman_ndgs
20,1,0,0,0,weighted,Yes,control_spearman_ndgs
21,0.05,0.934007491,0.009955971,0.000995597,unweighted,Yes,control_spearman_ndgs
22,0.1,0.861910112,0.014010209,0.001401021,unweighted,Yes,control_spearman_ndgs
23,0.15,0.7982397,0.016990247,0.001699025,unweighted,Yes,control_spearman_ndgs
24,0.2,0.735917603,0.018490511,0.001849051,unweighted,Yes,control_spearman_ndgs
25,0.25,0.668014981,0.017237509,0.001723751,unweighted,Yes,control_spearman_ndgs
26,0.3,0.606516854,0.022044254,0.002204425,unweighted,Yes,control_spearman_ndgs
27,0.35,0.548576779,0.018087338,0.001808734,unweighted,Yes,control_spearman_ndgs
28,0.4,0.482059925,0.021860139,0.002186014,unweighted,Yes,control_spearman_ndgs
29,0.45,0.431235955,0.021286933,0.002128693,unweighted,Yes,control_spearman_ndgs
30,0.5,0.376142322,0.022661873,0.002266187,unweighted,Yes,control_spearman_ndgs
31,0.55,0.322921348,0.020778719,0.002077872,unweighted,Yes,control_spearman_ndgs
32,0.6,0.265692884,0.022839774,0.002283977,unweighted,Yes,control_spearman_ndgs
33,0.65,0.218838951,0.023315209,0.002331521,unweighted,Yes,control_spearman_ndgs
34,0.7,0.173071161,0.021441297,0.00214413,unweighted,Yes,control_spearman_ndgs
35,0.75,0.128426966,0.021743155,0.002174316,unweighted,Yes,control_spearman_ndgs
36,0.8,0.087602996,0.017461079,0.001746108,unweighted,Yes,control_spearman_ndgs
37,0.85,0.056779026,0.016073738,0.001607374,unweighted,Yes,control_spearman_ndgs
38,0.9,0.026329588,0.011484841,0.001148484,unweighted,Yes,control_spearman_ndgs
39,0.95,0.007041199,0.006214443,0.000621444,unweighted,Yes,control_spearman_ndgs
40,1,0,0,0,unweighted,Yes,control_spearman_ndgs
41,0.05,0.933183521,0.009428818,0.000942882,weighted,No,control_spearman_ndgs
42,0.1,0.862996255,0.014025624,0.001402562,weighted,No,control_spearman_ndgs
43,0.15,0.795580524,0.016104209,0.001610421,weighted,No,control_spearman_ndgs
44,0.2,0.73494382,0.01793314,0.001793314,weighted,No,control_spearman_ndgs
45,0.25,0.66928839,0.020668778,0.002066878,weighted,No,control_spearman_ndgs
46,0.3,0.603370787,0.021672694,0.002167269,weighted,No,control_spearman_ndgs
47,0.35,0.547041199,0.026337581,0.002633758,weighted,No,control_spearman_ndgs
48,0.4,0.485243446,0.02699906,0.002699906,weighted,No,control_spearman_ndgs
49,0.45,0.428951311,0.022955089,0.002295509,weighted,No,control_spearman_ndgs
50,0.5,0.373595506,0.02009085,0.002009085,weighted,No,control_spearman_ndgs
51,0.55,0.314831461,0.022671655,0.002267166,weighted,No,control_spearman_ndgs
52,0.6,0.267640449,0.027632411,0.002763241,weighted,No,control_spearman_ndgs
53,0.65,0.211910112,0.022302162,0.002230216,weighted,No,control_spearman_ndgs
54,0.7,0.172247191,0.019879004,0.0019879,weighted,No,control_spearman_ndgs
55,0.75,0.12988764,0.020402308,0.002040231,weighted,No,control_spearman_ndgs
56,0.8,0.087265918,0.018344376,0.001834438,weighted,No,control_spearman_ndgs
57,0.85,0.05494382,0.014094906,0.001409491,weighted,No,control_spearman_ndgs
58,0.9,0.029588015,0.01281483,0.001281483,weighted,No,control_spearman_ndgs
59,0.95,0.006367041,0.006573869,0.000657387,weighted,No,control_spearman_ndgs
60,1,0,0,0,weighted,No,control_spearman_ndgs
61,0.05,0.933782772,0.008953385,0.000895339,unweighted,No,control_spearman_ndgs
62,0.1,0.862397004,0.01492081,0.001492081,unweighted,No,control_spearman_ndgs
63,0.15,0.797191011,0.017293764,0.001729376,unweighted,No,control_spearman_ndgs
64,0.2,0.736779026,0.018464323,0.001846432,unweighted,No,control_spearman_ndgs
65,0.25,0.66928839,0.0171136,0.00171136,unweighted,No,control_spearman_ndgs
66,0.3,0.611123596,0.020486687,0.002048669,unweighted,No,control_spearman_ndgs
67,0.35,0.549325843,0.018044986,0.001804499,unweighted,No,control_spearman_ndgs
68,0.4,0.489475655,0.021344598,0.00213446,unweighted,No,control_spearman_ndgs
69,0.45,0.433146067,0.023809038,0.002380904,unweighted,No,control_spearman_ndgs
70,0.5,0.371385768,0.019235841,0.001923584,unweighted,No,control_spearman_ndgs
71,0.55,0.319925094,0.02418577,0.002418577,unweighted,No,control_spearman_ndgs
72,0.6,0.266292135,0.025610304,0.00256103,unweighted,No,control_spearman_ndgs
73,0.65,0.216554307,0.022112025,0.002211203,unweighted,No,control_spearman_ndgs
74,0.7,0.168651685,0.021600364,0.002160036,unweighted,No,control_spearman_ndgs
75,0.75,0.12741573,0.019932283,0.001993228,unweighted,No,control_spearman_ndgs
76,0.8,0.088389513,0.021948791,0.002194879,unweighted,No,control_spearman_ndgs
77,0.85,0.053445693,0.016039631,0.001603963,unweighted,No,control_spearman_ndgs
78,0.9,0.0282397,0.011619331,0.001161933,unweighted,No,control_spearman_ndgs
79,0.95,0.007827715,0.007358864,0.000735886,unweighted,No,control_spearman_ndgs
80,1,0,0,0,unweighted,No,control_spearman_ndgs
81,0.05,0.934906367,0.009444733,0.000944473,weighted,Yes,control_spearman_ndgs
82,0.1,0.861310861,0.012398467,0.001239847,weighted,Yes,control_spearman_ndgs
83,0.15,0.798988764,0.018037132,0.001803713,weighted,Yes,control_spearman_ndgs
84,0.2,0.734831461,0.019552042,0.001955204,weighted,Yes,control_spearman_ndgs
85,0.25,0.668951311,0.016406802,0.00164068,weighted,Yes,control_spearman_ndgs
86,0.3,0.60247191,0.020500273,0.002050027,weighted,Yes,control_spearman_ndgs
87,0.35,0.54988764,0.02338272,0.002338272,weighted,Yes,control_spearman_ndgs
88,0.4,0.486853933,0.022732041,0.002273204,weighted,Yes,control_spearman_ndgs
89,0.45,0.426029963,0.025797039,0.002579704,weighted,Yes,control_spearman_ndgs
90,0.5,0.373071161,0.022382798,0.00223828,weighted,Yes,control_spearman_ndgs
91,0.55,0.314606742,0.023567536,0.002356754,weighted,Yes,control_spearman_ndgs
92,0.6,0.262359551,0.024788676,0.002478868,weighted,Yes,control_spearman_ndgs
93,0.65,0.213071161,0.023355526,0.002335553,weighted,Yes,control_spearman_ndgs
94,0.7,0.169325843,0.022817895,0.00228179,weighted,Yes,control_spearman_ndgs
95,0.75,0.12670412,0.021207141,0.002120714,weighted,Yes,control_spearman_ndgs
96,0.8,0.088277154,0.017665669,0.001766567,weighted,Yes,control_spearman_ndgs
97,0.85,0.055617978,0.014650135,0.001465013,weighted,Yes,control_spearman_ndgs
98,0.9,0.025842697,0.011620307,0.001162031,weighted,Yes,control_spearman_ndgs
99,0.95,0.006329588,0.006178199,0.00061782,weighted,Yes,control_spearman_ndgs
100,1,0,0,0,weighted,Yes,control_spearman_ndgs
101,0.05,0.934007491,0.009955971,0.000995597,unweighted,Yes,control_spearman_ndgs
102,0.1,0.861910112,0.014010209,0.001401021,unweighted,Yes,control_spearman_ndgs
103,0.15,0.7982397,0.016990247,0.001699025,unweighted,Yes,control_spearman_ndgs
104,0.2,0.735917603,0.018490511,0.001849051,unweighted,Yes,control_spearman_ndgs
105,0.25,0.668014981,0.017237509,0.001723751,unweighted,Yes,control_spearman_ndgs
106,0.3,0.606516854,0.022044254,0.002204425,unweighted,Yes,control_spearman_ndgs
107,0.35,0.548576779,0.018087338,0.001808734,unweighted,Yes,control_spearman_ndgs
108,0.4,0.482059925,0.021860139,0.002186014,unweighted,Yes,control_spearman_ndgs
109,0.45,0.431235955,0.021286933,0.002128693,unweighted,Yes,control_spearman_ndgs
110,0.5,0.376142322,0.022661873,0.002266187,unweighted,Yes,control_spearman_ndgs
111,0.55,0.322921348,0.020778719,0.002077872,unweighted,Yes,control_spearman_ndgs
112,0.6,0.265692884,0.022839774,0.002283977,unweighted,Yes,control_spearman_ndgs
113,0.65,0.218838951,0.023315209,0.002331521,unweighted,Yes,control_spearman_ndgs
114,0.7,0.173071161,0.021441297,0.00214413,unweighted,Yes,control_spearman_ndgs
115,0.75,0.128426966,0.021743155,0.002174316,unweighted,Yes,control_spearman_ndgs
116,0.8,0.087602996,0.017461079,0.001746108,unweighted,Yes,control_spearman_ndgs
117,0.85,0.056779026,0.016073738,0.001607374,unweighted,Yes,control_spearman_ndgs
118,0.9,0.026329588,0.011484841,0.001148484,unweighted,Yes,control_spearman_ndgs
119,0.95,0.007041199,0.006214443,0.000621444,unweighted,Yes,control_spearman_ndgs
120,1,0,0,0,unweighted,Yes,control_spearman_ndgs
121,0.05,0.933183521,0.009428818,0.000942882,weighted,No,control_spearman_ndgs
122,0.1,0.862996255,0.014025624,0.001402562,weighted,No,control_spearman_ndgs
123,0.15,0.795580524,0.016104209,0.001610421,weighted,No,control_spearman_ndgs
124,0.2,0.73494382,0.01793314,0.001793314,weighted,No,control_spearman_ndgs
125,0.25,0.66928839,0.020668778,0.002066878,weighted,No,control_spearman_ndgs
126,0.3,0.603370787,0.021672694,0.002167269,weighted,No,control_spearman_ndgs
127,0.35,0.547041199,0.026337581,0.002633758,weighted,No,control_spearman_ndgs
128,0.4,0.485243446,0.02699906,0.002699906,weighted,No,control_spearman_ndgs
129,0.45,0.428951311,0.022955089,0.002295509,weighted,No,control_spearman_ndgs
130,0.5,0.373595506,0.02009085,0.002009085,weighted,No,control_spearman_ndgs
131,0.55,0.314831461,0.022671655,0.002267166,weighted,No,control_spearman_ndgs
132,0.6,0.267640449,0.027632411,0.002763241,weighted,No,control_spearman_ndgs
133,0.65,0.211910112,0.022302162,0.002230216,weighted,No,control_spearman_ndgs
134,0.7,0.172247191,0.019879004,0.0019879,weighted,No,control_spearman_ndgs
135,0.75,0.12988764,0.020402308,0.002040231,weighted,No,control_spearman_ndgs
136,0.8,0.087265918,0.018344376,0.001834438,weighted,No,control_spearman_ndgs
137,0.85,0.05494382,0.014094906,0.001409491,weighted,No,control_spearman_ndgs
138,0.9,0.029588015,0.01281483,0.001281483,weighted,No,control_spearman_ndgs
139,0.95,0.006367041,0.006573869,0.000657387,weighted,No,control_spearman_ndgs
140,1,0,0,0,weighted,No,control_spearman_ndgs
141,0.05,0.933782772,0.008953385,0.000895339,unweighted,No,control_spearman_ndgs
142,0.1,0.862397004,0.01492081,0.001492081,unweighted,No,control_spearman_ndgs
143,0.15,0.797191011,0.017293764,0.001729376,unweighted,No,control_spearman_ndgs
144,0.2,0.736779026,0.018464323,0.001846432,unweighted,No,control_spearman_ndgs
145,0.25,0.66928839,0.0171136,0.00171136,unweighted,No,control_spearman_ndgs
146,0.3,0.611123596,0.020486687,0.002048669,unweighted,No,control_spearman_ndgs
147,0.35,0.549325843,0.018044986,0.001804499,unweighted,No,control_spearman_ndgs
148,0.4,0.489475655,0.021344598,0.00213446,unweighted,No,control_spearman_ndgs
149,0.45,0.433146067,0.023809038,0.002380904,unweighted,No,control_spearman_ndgs
150,0.5,0.371385768,0.019235841,0.001923584,unweighted,No,control_spearman_ndgs
151,0.55,0.319925094,0.02418577,0.002418577,unweighted,No,control_spearman_ndgs
152,0.6,0.266292135,0.025610304,0.00256103,unweighted,No,control_spearman_ndgs
153,0.65,0.216554307,0.022112025,0.002211203,unweighted,No,control_spearman_ndgs
154,0.7,0.168651685,0.021600364,0.002160036,unweighted,No,control_spearman_ndgs
155,0.75,0.12741573,0.019932283,0.001993228,unweighted,No,control_spearman_ndgs
156,0.8,0.088389513,0.021948791,0.002194879,unweighted,No,control_spearman_ndgs
157,0.85,0.053445693,0.016039631,0.001603963,unweighted,No,control_spearman_ndgs
158,0.9,0.0282397,0.011619331,0.001161933,unweighted,No,control_spearman_ndgs
159,0.95,0.007827715,0.007358864,0.000735886,unweighted,No,control_spearman_ndgs
160,1,0,0,0,unweighted,No,control_spearman_ndgs
,Proportion.removed,remain.mean,remain.sd,remain.se,weighted,consider_cascade,network
1,0.05,0.936225,0.006331489,0.000633149,weighted,Yes,warming_spearman_ndgs
2,0.1,0.872325,0.009919213,0.000991921,weighted,Yes,warming_spearman_ndgs
3,0.15,0.8084,0.011306787,0.001130679,weighted,Yes,warming_spearman_ndgs
4,0.2,0.7481,0.011437798,0.00114378,weighted,Yes,warming_spearman_ndgs
5,0.25,0.688725,0.013029178,0.001302918,weighted,Yes,warming_spearman_ndgs
6,0.3,0.62825,0.016023578,0.001602358,weighted,Yes,warming_spearman_ndgs
7,0.35,0.567175,0.016976867,0.001697687,weighted,Yes,warming_spearman_ndgs
8,0.4,0.512075,0.017552429,0.001755243,weighted,Yes,warming_spearman_ndgs
9,0.45,0.454125,0.016423895,0.001642389,weighted,Yes,warming_spearman_ndgs
10,0.5,0.399275,0.016062123,0.001606212,weighted,Yes,warming_spearman_ndgs
11,0.55,0.347725,0.01818846,0.001818846,weighted,Yes,warming_spearman_ndgs
12,0.6,0.29615,0.016841582,0.001684158,weighted,Yes,warming_spearman_ndgs
13,0.65,0.243125,0.017972956,0.001797296,weighted,Yes,warming_spearman_ndgs
14,0.7,0.19505,0.016201774,0.001620177,weighted,Yes,warming_spearman_ndgs
15,0.75,0.1508,0.017349206,0.001734921,weighted,Yes,warming_spearman_ndgs
16,0.8,0.10745,0.014698055,0.001469806,weighted,Yes,warming_spearman_ndgs
17,0.85,0.0702,0.012084927,0.001208493,weighted,Yes,warming_spearman_ndgs
18,0.9,0.03675,0.011029689,0.001102969,weighted,Yes,warming_spearman_ndgs
19,0.95,0.00935,0.006181391,0.000618139,weighted,Yes,warming_spearman_ndgs
20,1,0,0,0,weighted,Yes,warming_spearman_ndgs
21,0.05,0.934875,0.006810707,0.000681071,unweighted,Yes,warming_spearman_ndgs
22,0.1,0.8736,0.009349553,0.000934955,unweighted,Yes,warming_spearman_ndgs
23,0.15,0.808875,0.011930856,0.001193086,unweighted,Yes,warming_spearman_ndgs
24,0.2,0.745075,0.013486127,0.001348613,unweighted,Yes,warming_spearman_ndgs
25,0.25,0.68475,0.014713167,0.001471317,unweighted,Yes,warming_spearman_ndgs
26,0.3,0.624725,0.013816506,0.001381651,unweighted,Yes,warming_spearman_ndgs
27,0.35,0.568275,0.013915759,0.001391576,unweighted,Yes,warming_spearman_ndgs
28,0.4,0.5095,0.016617351,0.001661735,unweighted,Yes,warming_spearman_ndgs
29,0.45,0.451925,0.020256733,0.002025673,unweighted,Yes,warming_spearman_ndgs
30,0.5,0.39945,0.016767046,0.001676705,unweighted,Yes,warming_spearman_ndgs
31,0.55,0.34105,0.019185366,0.001918537,unweighted,Yes,warming_spearman_ndgs
32,0.6,0.28955,0.019172858,0.001917286,unweighted,Yes,warming_spearman_ndgs
33,0.65,0.24325,0.017489174,0.001748917,unweighted,Yes,warming_spearman_ndgs
34,0.7,0.191975,0.018399656,0.001839966,unweighted,Yes,warming_spearman_ndgs
35,0.75,0.15035,0.016598421,0.001659842,unweighted,Yes,warming_spearman_ndgs
36,0.8,0.108275,0.015216016,0.001521602,unweighted,Yes,warming_spearman_ndgs
37,0.85,0.0718,0.013352638,0.001335264,unweighted,Yes,warming_spearman_ndgs
38,0.9,0.037475,0.010178303,0.00101783,unweighted,Yes,warming_spearman_ndgs
39,0.95,0.011425,0.006515861,0.000651586,unweighted,Yes,warming_spearman_ndgs
40,1,0,0,0,unweighted,Yes,warming_spearman_ndgs
41,0.05,0.934975,0.007406786,0.000740679,weighted,No,warming_spearman_ndgs
42,0.1,0.871575,0.010191692,0.001019169,weighted,No,warming_spearman_ndgs
43,0.15,0.80975,0.012570508,0.001257051,weighted,No,warming_spearman_ndgs
44,0.2,0.74685,0.014291429,0.001429143,weighted,No,warming_spearman_ndgs
45,0.25,0.6865,0.013830686,0.001383069,weighted,No,warming_spearman_ndgs
46,0.3,0.624375,0.014950993,0.001495099,weighted,No,warming_spearman_ndgs
47,0.35,0.5686,0.015792691,0.001579269,weighted,No,warming_spearman_ndgs
48,0.4,0.510825,0.018195262,0.001819526,weighted,No,warming_spearman_ndgs
49,0.45,0.45525,0.016972571,0.001697257,weighted,No,warming_spearman_ndgs
50,0.5,0.395925,0.019337692,0.001933769,weighted,No,warming_spearman_ndgs
51,0.55,0.343025,0.0173798,0.00173798,weighted,No,warming_spearman_ndgs
52,0.6,0.292375,0.018679159,0.001867916,weighted,No,warming_spearman_ndgs
53,0.65,0.244225,0.017464593,0.001746459,weighted,No,warming_spearman_ndgs
54,0.7,0.196225,0.017832324,0.001783232,weighted,No,warming_spearman_ndgs
55,0.75,0.153125,0.015916349,0.001591635,weighted,No,warming_spearman_ndgs
56,0.8,0.111375,0.015880611,0.001588061,weighted,No,warming_spearman_ndgs
57,0.85,0.068975,0.013138227,0.001313823,weighted,No,warming_spearman_ndgs
58,0.9,0.036875,0.011272424,0.001127242,weighted,No,warming_spearman_ndgs
59,0.95,0.010725,0.006319512,0.000631951,weighted,No,warming_spearman_ndgs
60,1,0,0,0,weighted,No,warming_spearman_ndgs
61,0.05,0.9341,0.006624107,0.000662411,unweighted,No,warming_spearman_ndgs
62,0.1,0.871875,0.009484004,0.0009484,unweighted,No,warming_spearman_ndgs
63,0.15,0.80945,0.010716621,0.001071662,unweighted,No,warming_spearman_ndgs
64,0.2,0.74795,0.012413234,0.001241323,unweighted,No,warming_spearman_ndgs
65,0.25,0.685125,0.014391597,0.00143916,unweighted,No,warming_spearman_ndgs
66,0.3,0.627175,0.014807924,0.001480792,unweighted,No,warming_spearman_ndgs
67,0.35,0.570525,0.014806389,0.001480639,unweighted,No,warming_spearman_ndgs
68,0.4,0.5101,0.019220675,0.001922067,unweighted,No,warming_spearman_ndgs
69,0.45,0.4517,0.018315694,0.001831569,unweighted,No,warming_spearman_ndgs
70,0.5,0.397475,0.017934698,0.00179347,unweighted,No,warming_spearman_ndgs
71,0.55,0.342775,0.017702276,0.001770228,unweighted,No,warming_spearman_ndgs
72,0.6,0.294525,0.015011338,0.001501134,unweighted,No,warming_spearman_ndgs
73,0.65,0.24325,0.016535468,0.001653547,unweighted,No,warming_spearman_ndgs
74,0.7,0.19425,0.01679684,0.001679684,unweighted,No,warming_spearman_ndgs
75,0.75,0.15085,0.016549665,0.001654967,unweighted,No,warming_spearman_ndgs
76,0.8,0.1107,0.012752896,0.00127529,unweighted,No,warming_spearman_ndgs
77,0.85,0.07055,0.012281319,0.001228132,unweighted,No,warming_spearman_ndgs
78,0.9,0.036325,0.009811706,0.000981171,unweighted,No,warming_spearman_ndgs
79,0.95,0.010975,0.00609163,0.000609163,unweighted,No,warming_spearman_ndgs
80,1,0,0,0,unweighted,No,warming_spearman_ndgs
81,0.05,0.936225,0.006331489,0.000633149,weighted,Yes,warming_spearman_ndgs
82,0.1,0.872325,0.009919213,0.000991921,weighted,Yes,warming_spearman_ndgs
83,0.15,0.8084,0.011306787,0.001130679,weighted,Yes,warming_spearman_ndgs
84,0.2,0.7481,0.011437798,0.00114378,weighted,Yes,warming_spearman_ndgs
85,0.25,0.688725,0.013029178,0.001302918,weighted,Yes,warming_spearman_ndgs
86,0.3,0.62825,0.016023578,0.001602358,weighted,Yes,warming_spearman_ndgs
87,0.35,0.567175,0.016976867,0.001697687,weighted,Yes,warming_spearman_ndgs
88,0.4,0.512075,0.017552429,0.001755243,weighted,Yes,warming_spearman_ndgs
89,0.45,0.454125,0.016423895,0.001642389,weighted,Yes,warming_spearman_ndgs
90,0.5,0.399275,0.016062123,0.001606212,weighted,Yes,warming_spearman_ndgs
91,0.55,0.347725,0.01818846,0.001818846,weighted,Yes,warming_spearman_ndgs
92,0.6,0.29615,0.016841582,0.001684158,weighted,Yes,warming_spearman_ndgs
93,0.65,0.243125,0.017972956,0.001797296,weighted,Yes,warming_spearman_ndgs
94,0.7,0.19505,0.016201774,0.001620177,weighted,Yes,warming_spearman_ndgs
95,0.75,0.1508,0.017349206,0.001734921,weighted,Yes,warming_spearman_ndgs
96,0.8,0.10745,0.014698055,0.001469806,weighted,Yes,warming_spearman_ndgs
97,0.85,0.0702,0.012084927,0.001208493,weighted,Yes,warming_spearman_ndgs
98,0.9,0.03675,0.011029689,0.001102969,weighted,Yes,warming_spearman_ndgs
99,0.95,0.00935,0.006181391,0.000618139,weighted,Yes,warming_spearman_ndgs
100,1,0,0,0,weighted,Yes,warming_spearman_ndgs
101,0.05,0.934875,0.006810707,0.000681071,unweighted,Yes,warming_spearman_ndgs
102,0.1,0.8736,0.009349553,0.000934955,unweighted,Yes,warming_spearman_ndgs
103,0.15,0.808875,0.011930856,0.001193086,unweighted,Yes,warming_spearman_ndgs
104,0.2,0.745075,0.013486127,0.001348613,unweighted,Yes,warming_spearman_ndgs
105,0.25,0.68475,0.014713167,0.001471317,unweighted,Yes,warming_spearman_ndgs
106,0.3,0.624725,0.013816506,0.001381651,unweighted,Yes,warming_spearman_ndgs
107,0.35,0.568275,0.013915759,0.001391576,unweighted,Yes,warming_spearman_ndgs
108,0.4,0.5095,0.016617351,0.001661735,unweighted,Yes,warming_spearman_ndgs
109,0.45,0.451925,0.020256733,0.002025673,unweighted,Yes,warming_spearman_ndgs
110,0.5,0.39945,0.016767046,0.001676705,unweighted,Yes,warming_spearman_ndgs
111,0.55,0.34105,0.019185366,0.001918537,unweighted,Yes,warming_spearman_ndgs
112,0.6,0.28955,0.019172858,0.001917286,unweighted,Yes,warming_spearman_ndgs
113,0.65,0.24325,0.017489174,0.001748917,unweighted,Yes,warming_spearman_ndgs
114,0.7,0.191975,0.018399656,0.001839966,unweighted,Yes,warming_spearman_ndgs
115,0.75,0.15035,0.016598421,0.001659842,unweighted,Yes,warming_spearman_ndgs
116,0.8,0.108275,0.015216016,0.001521602,unweighted,Yes,warming_spearman_ndgs
117,0.85,0.0718,0.013352638,0.001335264,unweighted,Yes,warming_spearman_ndgs
118,0.9,0.037475,0.010178303,0.00101783,unweighted,Yes,warming_spearman_ndgs
119,0.95,0.011425,0.006515861,0.000651586,unweighted,Yes,warming_spearman_ndgs
120,1,0,0,0,unweighted,Yes,warming_spearman_ndgs
121,0.05,0.934975,0.007406786,0.000740679,weighted,No,warming_spearman_ndgs
122,0.1,0.871575,0.010191692,0.001019169,weighted,No,warming_spearman_ndgs
123,0.15,0.80975,0.012570508,0.001257051,weighted,No,warming_spearman_ndgs
124,0.2,0.74685,0.014291429,0.001429143,weighted,No,warming_spearman_ndgs
125,0.25,0.6865,0.013830686,0.001383069,weighted,No,warming_spearman_ndgs
126,0.3,0.624375,0.014950993,0.001495099,weighted,No,warming_spearman_ndgs
127,0.35,0.5686,0.015792691,0.001579269,weighted,No,warming_spearman_ndgs
128,0.4,0.510825,0.018195262,0.001819526,weighted,No,warming_spearman_ndgs
129,0.45,0.45525,0.016972571,0.001697257,weighted,No,warming_spearman_ndgs
130,0.5,0.395925,0.019337692,0.001933769,weighted,No,warming_spearman_ndgs
131,0.55,0.343025,0.0173798,0.00173798,weighted,No,warming_spearman_ndgs
132,0.6,0.292375,0.018679159,0.001867916,weighted,No,warming_spearman_ndgs
133,0.65,0.244225,0.017464593,0.001746459,weighted,No,warming_spearman_ndgs
134,0.7,0.196225,0.017832324,0.001783232,weighted,No,warming_spearman_ndgs
135,0.75,0.153125,0.015916349,0.001591635,weighted,No,warming_spearman_ndgs
136,0.8,0.111375,0.015880611,0.001588061,weighted,No,warming_spearman_ndgs
137,0.85,0.068975,0.013138227,0.001313823,weighted,No,warming_spearman_ndgs
138,0.9,0.036875,0.011272424,0.001127242,weighted,No,warming_spearman_ndgs
139,0.95,0.010725,0.006319512,0.000631951,weighted,No,warming_spearman_ndgs
140,1,0,0,0,weighted,No,warming_spearman_ndgs
141,0.05,0.9341,0.006624107,0.000662411,unweighted,No,warming_spearman_ndgs
142,0.1,0.871875,0.009484004,0.0009484,unweighted,No,warming_spearman_ndgs
143,0.15,0.80945,0.010716621,0.001071662,unweighted,No,warming_spearman_ndgs
144,0.2,0.74795,0.012413234,0.001241323,unweighted,No,warming_spearman_ndgs
145,0.25,0.685125,0.014391597,0.00143916,unweighted,No,warming_spearman_ndgs
146,0.3,0.627175,0.014807924,0.001480792,unweighted,No,warming_spearman_ndgs
147,0.35,0.570525,0.014806389,0.001480639,unweighted,No,warming_spearman_ndgs
148,0.4,0.5101,0.019220675,0.001922067,unweighted,No,warming_spearman_ndgs
149,0.45,0.4517,0.018315694,0.001831569,unweighted,No,warming_spearman_ndgs
150,0.5,0.397475,0.017934698,0.00179347,unweighted,No,warming_spearman_ndgs
151,0.55,0.342775,0.017702276,0.001770228,unweighted,No,warming_spearman_ndgs
152,0.6,0.294525,0.015011338,0.001501134,unweighted,No,warming_spearman_ndgs
153,0.65,0.24325,0.016535468,0.001653547,unweighted,No,warming_spearman_ndgs
154,0.7,0.19425,0.01679684,0.001679684,unweighted,No,warming_spearman_ndgs
155,0.75,0.15085,0.016549665,0.001654967,unweighted,No,warming_spearman_ndgs
156,0.8,0.1107,0.012752896,0.00127529,unweighted,No,warming_spearman_ndgs
157,0.85,0.07055,0.012281319,0.001228132,unweighted,No,warming_spearman_ndgs
158,0.9,0.036325,0.009811706,0.000981171,unweighted,No,warming_spearman_ndgs
159,0.95,0.010975,0.00609163,0.000609163,unweighted,No,warming_spearman_ndgs
160,1,0,0,0,unweighted,No,warming_spearman_ndgs
