,Number.hub.removed,remain.mean,remain.sd,remain.se,weighted,consider_cascade,network
1,1,0.569348485,0.004658103,0.00046581,weighted,Yes,warming_pearson
2,2,0.566575758,0.007443972,0.000744397,weighted,Yes,warming_pearson
3,3,0.563060606,0.007676949,0.000767695,weighted,Yes,warming_pearson
4,4,0.558121212,0.010505051,0.001050505,weighted,Yes,warming_pearson
5,5,0.556045455,0.010104442,0.001010444,weighted,Yes,warming_pearson
6,6,0.553878788,0.011467124,0.001146712,weighted,Yes,warming_pearson
7,7,0.546878788,0.011540698,0.00115407,weighted,Yes,warming_pearson
8,8,0.544712121,0.011784611,0.001178461,weighted,Yes,warming_pearson
9,9,0.541681818,0.012941868,0.001294187,weighted,Yes,warming_pearson
10,10,0.540151515,0.011209805,0.00112098,weighted,Yes,warming_pearson
11,11,0.535772727,0.011912605,0.00119126,weighted,Yes,warming_pearson
12,12,0.530257576,0.01288973,0.001288973,weighted,Yes,warming_pearson
13,13,0.525681818,0.011088915,0.001108891,weighted,Yes,warming_pearson
14,14,0.520969697,0.012589883,0.001258988,weighted,Yes,warming_pearson
15,15,0.517454545,0.010873748,0.001087375,weighted,Yes,warming_pearson
16,16,0.510712121,0.010873268,0.001087327,weighted,Yes,warming_pearson
17,17,0.504954545,0.008295627,0.000829563,weighted,Yes,warming_pearson
18,18,0.500530303,0.007357981,0.000735798,weighted,Yes,warming_pearson
19,19,0.496757576,0.006485775,0.000648578,weighted,Yes,warming_pearson
20,20,0.490909091,0,0,weighted,Yes,warming_pearson
21,1,0.547772727,0.005609369,0.000560937,unweighted,Yes,warming_pearson
22,2,0.545712121,0.006467999,0.0006468,unweighted,Yes,warming_pearson
23,3,0.540727273,0.008081612,0.000808161,unweighted,Yes,warming_pearson
24,4,0.537272727,0.008768912,0.000876891,unweighted,Yes,warming_pearson
25,5,0.535272727,0.009179954,0.000917995,unweighted,Yes,warming_pearson
26,6,0.531469697,0.01047927,0.001047927,unweighted,Yes,warming_pearson
27,7,0.526939394,0.010788324,0.001078832,unweighted,Yes,warming_pearson
28,8,0.524515152,0.012112371,0.001211237,unweighted,Yes,warming_pearson
29,9,0.522712121,0.011701675,0.001170168,unweighted,Yes,warming_pearson
30,10,0.516954545,0.011568543,0.001156854,unweighted,Yes,warming_pearson
31,11,0.515075758,0.01235686,0.001235686,unweighted,Yes,warming_pearson
32,12,0.50919697,0.012366014,0.001236601,unweighted,Yes,warming_pearson
33,13,0.508045455,0.0112947,0.00112947,unweighted,Yes,warming_pearson
34,14,0.503787879,0.011878696,0.00118787,unweighted,Yes,warming_pearson
35,15,0.499590909,0.01203839,0.001203839,unweighted,Yes,warming_pearson
36,16,0.495909091,0.011521956,0.001152196,unweighted,Yes,warming_pearson
37,17,0.491939394,0.009443425,0.000944343,unweighted,Yes,warming_pearson
38,18,0.486666667,0.007764708,0.000776471,unweighted,Yes,warming_pearson
39,19,0.482954545,0.005419808,0.000541981,unweighted,Yes,warming_pearson
40,20,0.478787879,0,0,unweighted,Yes,warming_pearson
41,1,0.569666667,0.004747475,0.000474747,weighted,No,warming_pearson
42,2,0.565878788,0.007627555,0.000762755,weighted,No,warming_pearson
43,3,0.563636364,0.008824271,0.000882427,weighted,No,warming_pearson
44,4,0.559772727,0.009323559,0.000932356,weighted,No,warming_pearson
45,5,0.555560606,0.010677001,0.0010677,weighted,No,warming_pearson
46,6,0.552272727,0.011552105,0.001155211,weighted,No,warming_pearson
47,7,0.549363636,0.011783991,0.001178399,weighted,No,warming_pearson
48,8,0.545,0.011941,0.0011941,weighted,No,warming_pearson
49,9,0.541590909,0.014074641,0.001407464,weighted,No,warming_pearson
50,10,0.536681818,0.012939718,0.001293972,weighted,No,warming_pearson
51,11,0.532787879,0.013408323,0.001340832,weighted,No,warming_pearson
52,12,0.530727273,0.012241294,0.001224129,weighted,No,warming_pearson
53,13,0.526030303,0.01171729,0.001171729,weighted,No,warming_pearson
54,14,0.519333333,0.01292506,0.001292506,weighted,No,warming_pearson
55,15,0.517727273,0.010129666,0.001012967,weighted,No,warming_pearson
56,16,0.511,0.010822746,0.001082275,weighted,No,warming_pearson
57,17,0.508030303,0.008754356,0.000875436,weighted,No,warming_pearson
58,18,0.501424242,0.007737244,0.000773724,weighted,No,warming_pearson
59,19,0.49669697,0.005682986,0.000568299,weighted,No,warming_pearson
60,20,0.490909091,0,0,weighted,No,warming_pearson
61,1,0.549030303,0.004710896,0.00047109,unweighted,No,warming_pearson
62,2,0.545393939,0.006644368,0.000664437,unweighted,No,warming_pearson
63,3,0.541833333,0.008351456,0.000835146,unweighted,No,warming_pearson
64,4,0.53980303,0.008728771,0.000872877,unweighted,No,warming_pearson
65,5,0.534530303,0.009313406,0.000931341,unweighted,No,warming_pearson
66,6,0.531454545,0.010229033,0.001022903,unweighted,No,warming_pearson
67,7,0.52980303,0.011200606,0.001120061,unweighted,No,warming_pearson
68,8,0.525409091,0.011951395,0.001195139,unweighted,No,warming_pearson
69,9,0.522984848,0.012119404,0.00121194,unweighted,No,warming_pearson
70,10,0.518166667,0.010805323,0.001080532,unweighted,No,warming_pearson
71,11,0.514772727,0.010568553,0.001056855,unweighted,No,warming_pearson
72,12,0.512227273,0.011778234,0.001177823,unweighted,No,warming_pearson
73,13,0.507651515,0.010862856,0.001086286,unweighted,No,warming_pearson
74,14,0.5065,0.012618538,0.001261854,unweighted,No,warming_pearson
75,15,0.500772727,0.010462971,0.001046297,unweighted,No,warming_pearson
76,16,0.496878788,0.00978576,0.000978576,unweighted,No,warming_pearson
77,17,0.492560606,0.009382367,0.000938237,unweighted,No,warming_pearson
78,18,0.488060606,0.007338747,0.000733875,unweighted,No,warming_pearson
79,19,0.485015152,0.006044879,0.000604488,unweighted,No,warming_pearson
80,20,0.48030303,0,0,unweighted,No,warming_pearson
81,1,0.992773852,0.007538176,0.000753818,weighted,Yes,warming_pearson_idirect
82,2,0.987685512,0.008869383,0.000886938,weighted,Yes,warming_pearson_idirect
83,3,0.978551237,0.011463887,0.001146389,weighted,Yes,warming_pearson_idirect
84,4,0.972508834,0.012114598,0.00121146,weighted,Yes,warming_pearson_idirect
85,5,0.96655477,0.015248691,0.001524869,weighted,Yes,warming_pearson_idirect
86,6,0.958268551,0.014514595,0.001451459,weighted,Yes,warming_pearson_idirect
87,7,0.949558304,0.015427782,0.001542778,weighted,Yes,warming_pearson_idirect
88,8,0.943303887,0.017150021,0.001715002,weighted,Yes,warming_pearson_idirect
89,9,0.930477032,0.017532362,0.001753236,weighted,Yes,warming_pearson_idirect
90,10,0.92245583,0.018734775,0.001873477,weighted,Yes,warming_pearson_idirect
91,11,0.909893993,0.017181073,0.001718107,weighted,Yes,warming_pearson_idirect
92,12,0.905300353,0.018701261,0.001870126,weighted,Yes,warming_pearson_idirect
93,13,0.89245583,0.016960638,0.001696064,weighted,Yes,warming_pearson_idirect
94,14,0.881448763,0.015007429,0.001500743,weighted,Yes,warming_pearson_idirect
95,15,0.869028269,0.010691498,0.00106915,weighted,Yes,warming_pearson_idirect
96,16,0.856890459,0,0,weighted,Yes,warming_pearson_idirect
97,1,0.993886926,0.006988263,0.000698826,unweighted,Yes,warming_pearson_idirect
98,2,0.987561837,0.00844868,0.000844868,unweighted,Yes,warming_pearson_idirect
99,3,0.980123675,0.010935612,0.001093561,unweighted,Yes,warming_pearson_idirect
100,4,0.971060071,0.014633585,0.001463359,unweighted,Yes,warming_pearson_idirect
101,5,0.967084806,0.012522434,0.001252243,unweighted,Yes,warming_pearson_idirect
102,6,0.957985866,0.015521926,0.001552193,unweighted,Yes,warming_pearson_idirect
103,7,0.949028269,0.016746839,0.001674684,unweighted,Yes,warming_pearson_idirect
104,8,0.940088339,0.018947643,0.001894764,unweighted,Yes,warming_pearson_idirect
105,9,0.933409894,0.017312147,0.001731215,unweighted,Yes,warming_pearson_idirect
106,10,0.921484099,0.01700643,0.001700643,unweighted,Yes,warming_pearson_idirect
107,11,0.91229682,0.017777296,0.00177773,unweighted,Yes,warming_pearson_idirect
108,12,0.904646643,0.017543293,0.001754329,unweighted,Yes,warming_pearson_idirect
109,13,0.89254417,0.017256846,0.001725685,unweighted,Yes,warming_pearson_idirect
110,14,0.880459364,0.014360496,0.00143605,unweighted,Yes,warming_pearson_idirect
111,15,0.868568905,0.010009873,0.001000987,unweighted,Yes,warming_pearson_idirect
112,16,0.856890459,0,0,unweighted,Yes,warming_pearson_idirect
113,1,0.992473498,0.007332612,0.000733261,weighted,No,warming_pearson_idirect
114,2,0.987402827,0.007685476,0.000768548,weighted,No,warming_pearson_idirect
115,3,0.980777385,0.01059559,0.001059559,weighted,No,warming_pearson_idirect
116,4,0.973621908,0.011888487,0.001188849,weighted,No,warming_pearson_idirect
117,5,0.965335689,0.01504369,0.001504369,weighted,No,warming_pearson_idirect
118,6,0.956342756,0.016394672,0.001639467,weighted,No,warming_pearson_idirect
119,7,0.948975265,0.015950121,0.001595012,weighted,No,warming_pearson_idirect
120,8,0.938533569,0.01735326,0.001735326,weighted,No,warming_pearson_idirect
121,9,0.937120141,0.017278238,0.001727824,weighted,No,warming_pearson_idirect
122,10,0.924522968,0.018738452,0.001873845,weighted,No,warming_pearson_idirect
123,11,0.912579505,0.018809661,0.001880966,weighted,No,warming_pearson_idirect
124,12,0.903869258,0.018113895,0.00181139,weighted,No,warming_pearson_idirect
125,13,0.89164311,0.01570263,0.001570263,weighted,No,warming_pearson_idirect
126,14,0.880088339,0.015187362,0.001518736,weighted,No,warming_pearson_idirect
127,15,0.869558304,0.01164951,0.001164951,weighted,No,warming_pearson_idirect
128,16,0.856890459,0,0,weighted,No,warming_pearson_idirect
129,1,0.993710247,0.006294647,0.000629465,unweighted,No,warming_pearson_idirect
130,2,0.98680212,0.009176892,0.000917689,unweighted,No,warming_pearson_idirect
131,3,0.980459364,0.011427524,0.001142752,unweighted,No,warming_pearson_idirect
132,4,0.972685512,0.013561446,0.001356145,unweighted,No,warming_pearson_idirect
133,5,0.962137809,0.015080272,0.001508027,unweighted,No,warming_pearson_idirect
134,6,0.957420495,0.01590106,0.001590106,unweighted,No,warming_pearson_idirect
135,7,0.947102473,0.017690709,0.001769071,unweighted,No,warming_pearson_idirect
136,8,0.941501767,0.018395096,0.00183951,unweighted,No,warming_pearson_idirect
137,9,0.931819788,0.017587523,0.001758752,unweighted,No,warming_pearson_idirect
138,10,0.927314488,0.017607098,0.00176071,unweighted,No,warming_pearson_idirect
139,11,0.912367491,0.017298127,0.001729813,unweighted,No,warming_pearson_idirect
140,12,0.902791519,0.017991433,0.001799143,unweighted,No,warming_pearson_idirect
141,13,0.892208481,0.016711254,0.001671125,unweighted,No,warming_pearson_idirect
142,14,0.88065371,0.013651717,0.001365172,unweighted,No,warming_pearson_idirect
143,15,0.868056537,0.008973379,0.000897338,unweighted,No,warming_pearson_idirect
144,16,0.856890459,0,0,unweighted,No,warming_pearson_idirect
145,1,0.993773148,0.002020019,0.000202002,weighted,Yes,warming_spearman_idirect
146,2,0.987615741,0.002931268,0.000293127,weighted,Yes,warming_spearman_idirect
147,3,0.980949074,0.00414681,0.000414681,weighted,Yes,warming_spearman_idirect
148,4,0.973240741,0.004633369,0.000463337,weighted,Yes,warming_spearman_idirect
149,5,0.967037037,0.005642557,0.000564256,weighted,Yes,warming_spearman_idirect
150,6,0.958981481,0.00670316,0.000670316,weighted,Yes,warming_spearman_idirect
151,7,0.951180556,0.007171399,0.00071714,weighted,Yes,warming_spearman_idirect
152,8,0.943796296,0.008113234,0.000811323,weighted,Yes,warming_spearman_idirect
153,9,0.935601852,0.009308116,0.000930812,weighted,Yes,warming_spearman_idirect
154,10,0.928125,0.00929645,0.000929645,weighted,Yes,warming_spearman_idirect
155,11,0.91912037,0.008833383,0.000883338,weighted,Yes,warming_spearman_idirect
156,12,0.908587963,0.008035577,0.000803558,weighted,Yes,warming_spearman_idirect
157,13,0.898611111,0.006302991,0.000630299,weighted,Yes,warming_spearman_idirect
158,14,0.888888889,0,0,weighted,Yes,warming_spearman_idirect
159,1,0.993263889,0.002003878,0.000200388,unweighted,Yes,warming_spearman_idirect
160,2,0.987453704,0.002573466,0.000257347,unweighted,Yes,warming_spearman_idirect
161,3,0.980416667,0.003953915,0.000395391,unweighted,Yes,warming_spearman_idirect
162,4,0.973587963,0.004439792,0.000443979,unweighted,Yes,warming_spearman_idirect
163,5,0.967152778,0.004471376,0.000447138,unweighted,Yes,warming_spearman_idirect
164,6,0.958564815,0.006350045,0.000635004,unweighted,Yes,warming_spearman_idirect
165,7,0.950671296,0.007969294,0.000796929,unweighted,Yes,warming_spearman_idirect
166,8,0.943217593,0.00778209,0.000778209,unweighted,Yes,warming_spearman_idirect
167,9,0.934259259,0.008433276,0.000843328,unweighted,Yes,warming_spearman_idirect
168,10,0.926527778,0.009384788,0.000938479,unweighted,Yes,warming_spearman_idirect
169,11,0.917384259,0.008640566,0.000864057,unweighted,Yes,warming_spearman_idirect
170,12,0.910393519,0.008338365,0.000833837,unweighted,Yes,warming_spearman_idirect
171,13,0.898703704,0.006783744,0.000678374,unweighted,Yes,warming_spearman_idirect
172,14,0.888888889,0,0,unweighted,Yes,warming_spearman_idirect
173,1,0.993402778,0.002116326,0.000211633,weighted,No,warming_spearman_idirect
174,2,0.98724537,0.003281816,0.000328182,weighted,No,warming_spearman_idirect
175,3,0.979861111,0.003729625,0.000372963,weighted,No,warming_spearman_idirect
176,4,0.974768519,0.003581565,0.000358156,weighted,No,warming_spearman_idirect
177,5,0.966550926,0.005787037,0.000578704,weighted,No,warming_spearman_idirect
178,6,0.960162037,0.005739328,0.000573933,weighted,No,warming_spearman_idirect
179,7,0.95224537,0.00761476,0.000761476,weighted,No,warming_spearman_idirect
180,8,0.943611111,0.008436613,0.000843661,weighted,No,warming_spearman_idirect
181,9,0.936180556,0.008240161,0.000824016,weighted,No,warming_spearman_idirect
182,10,0.926805556,0.0087593,0.00087593,weighted,No,warming_spearman_idirect
183,11,0.919166667,0.008399063,0.000839906,weighted,No,warming_spearman_idirect
184,12,0.908402778,0.007351481,0.000735148,weighted,No,warming_spearman_idirect
185,13,0.899143519,0.006872011,0.000687201,weighted,No,warming_spearman_idirect
186,14,0.888888889,0,0,weighted,No,warming_spearman_idirect
187,1,0.993402778,0.002038158,0.000203816,unweighted,No,warming_spearman_idirect
188,2,0.986898148,0.002983338,0.000298334,unweighted,No,warming_spearman_idirect
189,3,0.980486111,0.003343253,0.000334325,unweighted,No,warming_spearman_idirect
190,4,0.973009259,0.004292585,0.000429259,unweighted,No,warming_spearman_idirect
191,5,0.96650463,0.005636174,0.000563617,unweighted,No,warming_spearman_idirect
192,6,0.959490741,0.006026427,0.000602643,unweighted,No,warming_spearman_idirect
193,7,0.950231481,0.008430067,0.000843007,unweighted,No,warming_spearman_idirect
194,8,0.942291667,0.008587535,0.000858753,unweighted,No,warming_spearman_idirect
195,9,0.936481481,0.007697227,0.000769723,unweighted,No,warming_spearman_idirect
196,10,0.924907407,0.00894602,0.000894602,unweighted,No,warming_spearman_idirect
197,11,0.917893519,0.009389602,0.00093896,unweighted,No,warming_spearman_idirect
198,12,0.909166667,0.008523417,0.000852342,unweighted,No,warming_spearman_idirect
199,13,0.898981481,0.007294311,0.000729431,unweighted,No,warming_spearman_idirect
200,14,0.888888889,0,0,unweighted,No,warming_spearman_idirect
201,1,0.757668712,0.004841947,0.000484195,weighted,Yes,warming_spearman
202,2,0.753026585,0.005862844,0.000586284,weighted,Yes,warming_spearman
203,3,0.748773006,0.006862183,0.000686218,weighted,Yes,warming_spearman
204,4,0.745194274,0.006902845,0.000690284,weighted,Yes,warming_spearman
205,5,0.741349693,0.008446625,0.000844663,weighted,Yes,warming_spearman
206,6,0.736278119,0.007766285,0.000776628,weighted,Yes,warming_spearman
207,7,0.733087935,0.008702797,0.00087028,weighted,Yes,warming_spearman
208,8,0.729856851,0.007475728,0.000747573,weighted,Yes,warming_spearman
209,9,0.724294479,0.007378355,0.000737836,weighted,Yes,warming_spearman
210,10,0.721063395,0.009232815,0.000923281,weighted,Yes,warming_spearman
211,11,0.713762781,0.006264124,0.000626412,weighted,Yes,warming_spearman
212,12,0.710327198,0.007332382,0.000733238,weighted,Yes,warming_spearman
213,13,0.705112474,0.006006237,0.000600624,weighted,Yes,warming_spearman
214,14,0.700511247,0.005003908,0.000500391,weighted,Yes,warming_spearman
215,15,0.695296524,0,0,weighted,Yes,warming_spearman
216,1,0.770368098,0.005095259,0.000509526,unweighted,Yes,warming_spearman
217,2,0.765337423,0.006617753,0.000661775,unweighted,Yes,warming_spearman
218,3,0.764335378,0.008144352,0.000814435,unweighted,Yes,warming_spearman
219,4,0.759018405,0.00841275,0.000841275,unweighted,Yes,warming_spearman
220,5,0.757770961,0.009229955,0.000922995,unweighted,Yes,warming_spearman
221,6,0.750756646,0.010277611,0.001027761,unweighted,Yes,warming_spearman
222,7,0.749182004,0.009456019,0.000945602,unweighted,Yes,warming_spearman
223,8,0.745685072,0.009110857,0.000911086,unweighted,Yes,warming_spearman
224,9,0.740777096,0.010379205,0.00103792,unweighted,Yes,warming_spearman
225,10,0.738343558,0.008993517,0.000899352,unweighted,Yes,warming_spearman
226,11,0.734314928,0.007942474,0.000794247,unweighted,Yes,warming_spearman
227,12,0.731554192,0.007242419,0.000724242,unweighted,Yes,warming_spearman
228,13,0.72799591,0.006650355,0.000665035,unweighted,Yes,warming_spearman
229,14,0.724274029,0.004465758,0.000446576,unweighted,Yes,warming_spearman
230,15,0.719836401,0,0,unweighted,Yes,warming_spearman
231,1,0.778691207,0.003507029,0.000350703,weighted,No,warming_spearman
232,2,0.773558282,0.004649278,0.000464928,weighted,No,warming_spearman
233,3,0.769877301,0.005713971,0.000571397,weighted,No,warming_spearman
234,4,0.764539877,0.00510954,0.000510954,weighted,No,warming_spearman
235,5,0.760306748,0.006655434,0.000665543,weighted,No,warming_spearman
236,6,0.755889571,0.006352515,0.000635252,weighted,No,warming_spearman
237,7,0.750552147,0.007755726,0.000775573,weighted,No,warming_spearman
238,8,0.746932515,0.007446712,0.000744671,weighted,No,warming_spearman
239,9,0.742433538,0.007198659,0.000719866,weighted,No,warming_spearman
240,10,0.737607362,0.007605664,0.000760566,weighted,No,warming_spearman
241,11,0.733087935,0.006905781,0.000690578,weighted,No,warming_spearman
242,12,0.728241309,0.006219729,0.000621973,weighted,No,warming_spearman
243,13,0.724621677,0.005493592,0.000549359,weighted,No,warming_spearman
244,14,0.719427403,0.004872386,0.000487239,weighted,No,warming_spearman
245,15,0.715746421,0,0,weighted,No,warming_spearman
246,1,0.774683027,0.006085747,0.000608575,unweighted,No,warming_spearman
247,2,0.769611452,0.007496718,0.000749672,unweighted,No,warming_spearman
248,3,0.764539877,0.007821028,0.000782103,unweighted,No,warming_spearman
249,4,0.762638037,0.009388231,0.000938823,unweighted,No,warming_spearman
250,5,0.760347648,0.009134819,0.000913482,unweighted,No,warming_spearman
251,6,0.754233129,0.009464971,0.000946497,unweighted,No,warming_spearman
252,7,0.750940695,0.009819458,0.000981946,unweighted,No,warming_spearman
253,8,0.747198364,0.009970942,0.000997094,unweighted,No,warming_spearman
254,9,0.742719836,0.009885485,0.000988548,unweighted,No,warming_spearman
255,10,0.738466258,0.0084487,0.00084487,unweighted,No,warming_spearman
256,11,0.735132924,0.008580592,0.000858059,unweighted,No,warming_spearman
257,12,0.732453988,0.006493259,0.000649326,unweighted,No,warming_spearman
258,13,0.728773006,0.005989722,0.000598972,unweighted,No,warming_spearman
259,14,0.72396728,0.004311021,0.000431102,unweighted,No,warming_spearman
260,15,0.719836401,0,0,unweighted,No,warming_spearman
261,1,0.928204225,0.007181282,0.000718128,weighted,Yes,control_spearman
262,2,0.918309859,0.007507067,0.000750707,weighted,Yes,control_spearman
263,3,0.904330986,0.008698054,0.000869805,weighted,Yes,control_spearman
264,4,0.892605634,0.006457824,0.000645782,weighted,Yes,control_spearman
265,5,0.88028169,0,0,weighted,Yes,control_spearman
266,1,0.928450704,0.005637358,0.000563736,unweighted,Yes,control_spearman
267,2,0.915633803,0.007505733,0.000750573,unweighted,Yes,control_spearman
268,3,0.905739437,0.007403845,0.000740384,unweighted,Yes,control_spearman
269,4,0.892711268,0.005973349,0.000597335,unweighted,Yes,control_spearman
270,5,0.88028169,0,0,unweighted,Yes,control_spearman
271,1,0.927394366,0.007020524,0.000702052,weighted,No,control_spearman
272,2,0.918098592,0.007263214,0.000726321,weighted,No,control_spearman
273,3,0.904295775,0.00857224,0.000857224,weighted,No,control_spearman
274,4,0.892429577,0.005971672,0.000597167,weighted,No,control_spearman
275,5,0.88028169,0,0,weighted,No,control_spearman
276,1,0.929401408,0.005692516,0.000569252,unweighted,No,control_spearman
277,2,0.917323944,0.006979375,0.000697937,unweighted,No,control_spearman
278,3,0.905352113,0.006775426,0.000677543,unweighted,No,control_spearman
279,4,0.893556338,0.006023457,0.000602346,unweighted,No,control_spearman
280,5,0.88028169,0,0,unweighted,No,control_spearman
281,1,0.98972,0.005341055,0.000534106,weighted,Yes,control_spearman_idirect
282,2,0.98056,0.006916997,0.0006917,weighted,Yes,control_spearman_idirect
283,3,0.97132,0.008121402,0.00081214,weighted,Yes,control_spearman_idirect
284,4,0.9598,0.008187204,0.00081872,weighted,Yes,control_spearman_idirect
285,5,0.94928,0.008117919,0.000811792,weighted,Yes,control_spearman_idirect
286,6,0.9382,0.007614447,0.000761445,weighted,Yes,control_spearman_idirect
287,7,0.92704,0.005544895,0.000554489,weighted,Yes,control_spearman_idirect
288,8,0.916,0,0,weighted,Yes,control_spearman_idirect
289,1,0.99076,0.005414384,0.000541438,unweighted,Yes,control_spearman_idirect
290,2,0.98012,0.006713893,0.000671389,unweighted,Yes,control_spearman_idirect
291,3,0.97016,0.008227473,0.000822747,unweighted,Yes,control_spearman_idirect
292,4,0.95764,0.008338205,0.00083382,unweighted,Yes,control_spearman_idirect
293,5,0.9492,0.007722458,0.000772246,unweighted,Yes,control_spearman_idirect
294,6,0.93724,0.007340382,0.000734038,unweighted,Yes,control_spearman_idirect
295,7,0.92688,0.005744176,0.000574418,unweighted,Yes,control_spearman_idirect
296,8,0.916,0,0,unweighted,Yes,control_spearman_idirect
297,1,0.99048,0.005141395,0.000514139,weighted,No,control_spearman_idirect
298,2,0.97948,0.006694608,0.000669461,weighted,No,control_spearman_idirect
299,3,0.96756,0.008058273,0.000805827,weighted,No,control_spearman_idirect
300,4,0.95852,0.007870774,0.000787077,weighted,No,control_spearman_idirect
301,5,0.94872,0.008516271,0.000851627,weighted,No,control_spearman_idirect
302,6,0.93784,0.007133248,0.000713325,weighted,No,control_spearman_idirect
303,7,0.92732,0.005365208,0.000536521,weighted,No,control_spearman_idirect
304,8,0.916,0,0,weighted,No,control_spearman_idirect
305,1,0.99004,0.005438211,0.000543821,unweighted,No,control_spearman_idirect
306,2,0.98052,0.006837922,0.000683792,unweighted,No,control_spearman_idirect
307,3,0.97016,0.007312256,0.000731226,unweighted,No,control_spearman_idirect
308,4,0.96036,0.007371142,0.000737114,unweighted,No,control_spearman_idirect
309,5,0.94832,0.007726225,0.000772622,unweighted,No,control_spearman_idirect
310,6,0.93756,0.007604252,0.000760425,unweighted,No,control_spearman_idirect
311,7,0.9264,0.005148306,0.000514831,unweighted,No,control_spearman_idirect
312,8,0.916,0,0,unweighted,No,control_spearman_idirect
313,1,0.986802326,0.011097702,0.00110977,weighted,Yes,control_pearson_idirect
314,2,0.973924419,0.014416685,0.001441669,weighted,Yes,control_pearson_idirect
315,3,0.96252907,0.016670635,0.001667064,weighted,Yes,control_pearson_idirect
316,4,0.948081395,0.017075972,0.001707597,weighted,Yes,control_pearson_idirect
317,5,0.931540698,0.017463258,0.001746326,weighted,Yes,control_pearson_idirect
318,6,0.917093023,0.019518006,0.001951801,weighted,Yes,control_pearson_idirect
319,7,0.90380814,0.018459909,0.001845991,weighted,Yes,control_pearson_idirect
320,8,0.885494186,0.014948285,0.001494828,weighted,Yes,control_pearson_idirect
321,9,0.873517442,0.011334197,0.00113342,weighted,Yes,control_pearson_idirect
322,10,0.854651163,0,0,weighted,Yes,control_pearson_idirect
323,1,0.989215116,0.010240648,0.001024065,unweighted,Yes,control_pearson_idirect
324,2,0.970872093,0.017539368,0.001753937,unweighted,Yes,control_pearson_idirect
325,3,0.962034884,0.01622392,0.001622392,unweighted,Yes,control_pearson_idirect
326,4,0.94869186,0.0179073,0.00179073,unweighted,Yes,control_pearson_idirect
327,5,0.934302326,0.018487194,0.001848719,unweighted,Yes,control_pearson_idirect
328,6,0.917674419,0.017572916,0.001757292,unweighted,Yes,control_pearson_idirect
329,7,0.90369186,0.017337085,0.001733709,unweighted,Yes,control_pearson_idirect
330,8,0.883168605,0.015077917,0.001507792,unweighted,Yes,control_pearson_idirect
331,9,0.873226744,0.012235247,0.001223525,unweighted,Yes,control_pearson_idirect
332,10,0.854651163,0,0,unweighted,Yes,control_pearson_idirect
333,1,0.990232558,0.008533136,0.000853314,weighted,No,control_pearson_idirect
334,2,0.976395349,0.013897095,0.001389709,weighted,No,control_pearson_idirect
335,3,0.963313953,0.016359933,0.001635993,weighted,No,control_pearson_idirect
336,4,0.949186047,0.018135152,0.001813515,weighted,No,control_pearson_idirect
337,5,0.932412791,0.017082744,0.001708274,weighted,No,control_pearson_idirect
338,6,0.921017442,0.015646668,0.001564667,weighted,No,control_pearson_idirect
339,7,0.903284884,0.017278891,0.001727889,weighted,No,control_pearson_idirect
340,8,0.886453488,0.016469344,0.001646934,weighted,No,control_pearson_idirect
341,9,0.871017442,0.012086159,0.001208616,weighted,No,control_pearson_idirect
342,10,0.854651163,0,0,weighted,No,control_pearson_idirect
343,1,0.987819767,0.010326971,0.001032697,unweighted,No,control_pearson_idirect
344,2,0.976424419,0.014953994,0.001495399,unweighted,No,control_pearson_idirect
345,3,0.964738372,0.015441288,0.001544129,unweighted,No,control_pearson_idirect
346,4,0.947005814,0.016229364,0.001622936,unweighted,No,control_pearson_idirect
347,5,0.934302326,0.018427073,0.001842707,unweighted,No,control_pearson_idirect
348,6,0.916337209,0.016786388,0.001678639,unweighted,No,control_pearson_idirect
349,7,0.90375,0.019028237,0.001902824,unweighted,No,control_pearson_idirect
350,8,0.890203488,0.016123831,0.001612383,unweighted,No,control_pearson_idirect
351,9,0.872906977,0.012222579,0.001222258,unweighted,No,control_pearson_idirect
352,10,0.854651163,0,0,unweighted,No,control_pearson_idirect
353,1,0.646163366,0.00486697,0.000486697,weighted,Yes,control_pearson
354,2,0.641881188,0.007174639,0.000717464,weighted,Yes,control_pearson
355,3,0.634554455,0.008133885,0.000813388,weighted,Yes,control_pearson
356,4,0.632376238,0.008269406,0.000826941,weighted,Yes,control_pearson
357,5,0.628118812,0.009775938,0.000977594,weighted,Yes,control_pearson
358,6,0.620915842,0.009764885,0.000976488,weighted,Yes,control_pearson
359,7,0.61539604,0.009862035,0.000986203,weighted,Yes,control_pearson
360,8,0.609480198,0.0104357,0.00104357,weighted,Yes,control_pearson
361,9,0.602722772,0.009625248,0.000962525,weighted,Yes,control_pearson
362,10,0.598589109,0.008851905,0.000885191,weighted,Yes,control_pearson
363,11,0.590222772,0.006306989,0.000630699,weighted,Yes,control_pearson
364,12,0.584158416,0,0,weighted,Yes,control_pearson
365,1,0.644430693,0.004328557,0.000432856,unweighted,Yes,control_pearson
366,2,0.640915842,0.006045256,0.000604526,unweighted,Yes,control_pearson
367,3,0.635247525,0.007752104,0.00077521,unweighted,Yes,control_pearson
368,4,0.630965347,0.007796484,0.000779648,unweighted,Yes,control_pearson
369,5,0.626212871,0.009759306,0.000975931,unweighted,Yes,control_pearson
370,6,0.61960396,0.009126092,0.000912609,unweighted,Yes,control_pearson
371,7,0.61470297,0.009448218,0.000944822,unweighted,Yes,control_pearson
372,8,0.609381188,0.008877318,0.000887732,unweighted,Yes,control_pearson
373,9,0.602846535,0.009720419,0.000972042,unweighted,Yes,control_pearson
374,10,0.597029703,0.008175474,0.000817547,unweighted,Yes,control_pearson
375,11,0.590321782,0.006308166,0.000630817,unweighted,Yes,control_pearson
376,12,0.584158416,0,0,unweighted,Yes,control_pearson
377,1,0.646435644,0.004304829,0.000430483,weighted,No,control_pearson
378,2,0.641435644,0.006506415,0.000650642,weighted,No,control_pearson
379,3,0.637450495,0.007213994,0.000721399,weighted,No,control_pearson
380,4,0.630742574,0.008634781,0.000863478,weighted,No,control_pearson
381,5,0.626782178,0.010120944,0.001012094,weighted,No,control_pearson
382,6,0.620074257,0.009612348,0.000961235,weighted,No,control_pearson
383,7,0.617277228,0.010122167,0.001012217,weighted,No,control_pearson
384,8,0.609653465,0.010217828,0.001021783,weighted,No,control_pearson
385,9,0.604876238,0.009411696,0.00094117,weighted,No,control_pearson
386,10,0.596410891,0.008826139,0.000882614,weighted,No,control_pearson
387,11,0.591212871,0.007109607,0.000710961,weighted,No,control_pearson
388,12,0.584158416,0,0,weighted,No,control_pearson
389,1,0.644207921,0.004346321,0.000434632,unweighted,No,control_pearson
390,2,0.640222772,0.006198112,0.000619811,unweighted,No,control_pearson
391,3,0.635618812,0.007323318,0.000732332,unweighted,No,control_pearson
392,4,0.631559406,0.008253637,0.000825364,unweighted,No,control_pearson
393,5,0.625940594,0.008943889,0.000894389,unweighted,No,control_pearson
394,6,0.620321782,0.00929418,0.000929418,unweighted,No,control_pearson
395,7,0.61490099,0.009289418,0.000928942,unweighted,No,control_pearson
396,8,0.608366337,0.009873324,0.000987332,unweighted,No,control_pearson
397,9,0.602846535,0.009264034,0.000926403,unweighted,No,control_pearson
398,10,0.598712871,0.008177593,0.000817759,unweighted,No,control_pearson
399,11,0.591262376,0.007129426,0.000712943,unweighted,No,control_pearson
400,12,0.584158416,0,0,unweighted,No,control_pearson
,Number.hub.removed,remain.mean,remain.sd,remain.se,weighted,consider_cascade,network
1,1,0.986741573,0.006263045,0.000626305,weighted,Yes,control_spearman_ndgs
2,2,0.975730337,0.007269462,0.000726946,weighted,Yes,control_spearman_ndgs
3,3,0.962134831,0.008071438,0.000807144,weighted,Yes,control_spearman_ndgs
4,4,0.951123596,0.006054961,0.000605496,weighted,Yes,control_spearman_ndgs
5,5,0.936329588,0,0,weighted,Yes,control_spearman_ndgs
6,1,0.987191011,0.006588509,0.000658851,unweighted,Yes,control_spearman_ndgs
7,2,0.97670412,0.007797956,0.000779796,unweighted,Yes,control_spearman_ndgs
8,3,0.96164794,0.007549423,0.000754942,unweighted,Yes,control_spearman_ndgs
9,4,0.95,0.006396349,0.000639635,unweighted,Yes,control_spearman_ndgs
10,5,0.936329588,0,0,unweighted,Yes,control_spearman_ndgs
11,1,0.988089888,0.00639646,0.000639646,weighted,No,control_spearman_ndgs
12,2,0.974719101,0.007554208,0.000755421,weighted,No,control_spearman_ndgs
13,3,0.962771536,0.007334274,0.000733427,weighted,No,control_spearman_ndgs
14,4,0.94917603,0.005589659,0.000558966,weighted,No,control_spearman_ndgs
15,5,0.936329588,0,0,weighted,No,control_spearman_ndgs
16,1,0.989363296,0.005601433,0.000560143,unweighted,No,control_spearman_ndgs
17,2,0.975955056,0.007512924,0.000751292,unweighted,No,control_spearman_ndgs
18,3,0.964044944,0.007805583,0.000780558,unweighted,No,control_spearman_ndgs
19,4,0.949400749,0.006104369,0.000610437,unweighted,No,control_spearman_ndgs
20,5,0.936329588,0,0,unweighted,No,control_spearman_ndgs
21,1,0.986741573,0.006263045,0.000626305,weighted,Yes,control_spearman_ndgs
22,2,0.975730337,0.007269462,0.000726946,weighted,Yes,control_spearman_ndgs
23,3,0.962134831,0.008071438,0.000807144,weighted,Yes,control_spearman_ndgs
24,4,0.951123596,0.006054961,0.000605496,weighted,Yes,control_spearman_ndgs
25,5,0.936329588,0,0,weighted,Yes,control_spearman_ndgs
26,1,0.987191011,0.006588509,0.000658851,unweighted,Yes,control_spearman_ndgs
27,2,0.97670412,0.007797956,0.000779796,unweighted,Yes,control_spearman_ndgs
28,3,0.96164794,0.007549423,0.000754942,unweighted,Yes,control_spearman_ndgs
29,4,0.95,0.006396349,0.000639635,unweighted,Yes,control_spearman_ndgs
30,5,0.936329588,0,0,unweighted,Yes,control_spearman_ndgs
31,1,0.988089888,0.00639646,0.000639646,weighted,No,control_spearman_ndgs
32,2,0.974719101,0.007554208,0.000755421,weighted,No,control_spearman_ndgs
33,3,0.962771536,0.007334274,0.000733427,weighted,No,control_spearman_ndgs
34,4,0.94917603,0.005589659,0.000558966,weighted,No,control_spearman_ndgs
35,5,0.936329588,0,0,weighted,No,control_spearman_ndgs
36,1,0.989363296,0.005601433,0.000560143,unweighted,No,control_spearman_ndgs
37,2,0.975955056,0.007512924,0.000751292,unweighted,No,control_spearman_ndgs
38,3,0.964044944,0.007805583,0.000780558,unweighted,No,control_spearman_ndgs
39,4,0.949400749,0.006104369,0.000610437,unweighted,No,control_spearman_ndgs
40,5,0.936329588,0,0,unweighted,No,control_spearman_ndgs
,Number.hub.removed,remain.mean,remain.sd,remain.se,weighted,consider_cascade,network
1,1,0.99225,0.002853759,0.000285376,weighted,Yes,warming_spearman_ndgs
2,2,0.984025,0.003758744,0.000375874,weighted,Yes,warming_spearman_ndgs
3,3,0.9761,0.00473169,0.000473169,weighted,Yes,warming_spearman_ndgs
4,4,0.967625,0.004134344,0.000413434,weighted,Yes,warming_spearman_ndgs
5,5,0.959525,0.004815996,0.0004816,weighted,Yes,warming_spearman_ndgs
6,6,0.951125,0.005520565,0.000552057,weighted,Yes,warming_spearman_ndgs
7,7,0.94335,0.00506548,0.000506548,weighted,Yes,warming_spearman_ndgs
8,8,0.93395,0.00410069,0.000410069,weighted,Yes,warming_spearman_ndgs
9,9,0.92585,0.004192646,0.000419265,weighted,Yes,warming_spearman_ndgs
10,10,0.916975,0.003611412,0.000361141,weighted,Yes,warming_spearman_ndgs
11,11,0.90855,0.002868762,0.000286876,weighted,Yes,warming_spearman_ndgs
12,12,0.9,0,0,weighted,Yes,warming_spearman_ndgs
13,1,0.992125,0.002828762,0.000282876,unweighted,Yes,warming_spearman_ndgs
14,2,0.984225,0.003402595,0.000340259,unweighted,Yes,warming_spearman_ndgs
15,3,0.976,0.003940851,0.000394085,unweighted,Yes,warming_spearman_ndgs
16,4,0.967725,0.00498856,0.000498856,unweighted,Yes,warming_spearman_ndgs
17,5,0.96005,0.005185693,0.000518569,unweighted,Yes,warming_spearman_ndgs
18,6,0.9518,0.004847159,0.000484716,unweighted,Yes,warming_spearman_ndgs
19,7,0.942625,0.004583333,0.000458333,unweighted,Yes,warming_spearman_ndgs
20,8,0.935225,0.00488627,0.000488627,unweighted,Yes,warming_spearman_ndgs
21,9,0.926125,0.004254751,0.000425475,unweighted,Yes,warming_spearman_ndgs
22,10,0.9168,0.003989886,0.000398989,unweighted,Yes,warming_spearman_ndgs
23,11,0.908575,0.002914068,0.000291407,unweighted,Yes,warming_spearman_ndgs
24,12,0.9,0,0,unweighted,Yes,warming_spearman_ndgs
25,1,0.9919,0.002800613,0.000280061,weighted,No,warming_spearman_ndgs
26,2,0.98455,0.003524446,0.000352445,weighted,No,warming_spearman_ndgs
27,3,0.97625,0.004734091,0.000473409,weighted,No,warming_spearman_ndgs
28,4,0.968975,0.004808124,0.000480812,weighted,No,warming_spearman_ndgs
29,5,0.95995,0.004961722,0.000496172,weighted,No,warming_spearman_ndgs
30,6,0.950675,0.005073388,0.000507339,weighted,No,warming_spearman_ndgs
31,7,0.9429,0.004868472,0.000486847,weighted,No,warming_spearman_ndgs
32,8,0.934,0.004264014,0.000426401,weighted,No,warming_spearman_ndgs
33,9,0.9265,0.004480598,0.00044806,weighted,No,warming_spearman_ndgs
34,10,0.917825,0.003307762,0.000330776,weighted,No,warming_spearman_ndgs
35,11,0.9084,0.002854201,0.00028542,weighted,No,warming_spearman_ndgs
36,12,0.9,0,0,weighted,No,warming_spearman_ndgs
37,1,0.991825,0.002905389,0.000290539,unweighted,No,warming_spearman_ndgs
38,2,0.98355,0.003862864,0.000386286,unweighted,No,warming_spearman_ndgs
39,3,0.975925,0.004489817,0.000448982,unweighted,No,warming_spearman_ndgs
40,4,0.967775,0.005111077,0.000511108,unweighted,No,warming_spearman_ndgs
41,5,0.9604,0.004868472,0.000486847,unweighted,No,warming_spearman_ndgs
42,6,0.95215,0.004962231,0.000496223,unweighted,No,warming_spearman_ndgs
43,7,0.94285,0.005037987,0.000503799,unweighted,No,warming_spearman_ndgs
44,8,0.934025,0.004436633,0.000443663,unweighted,No,warming_spearman_ndgs
45,9,0.9264,0.004678017,0.000467802,unweighted,No,warming_spearman_ndgs
46,10,0.916975,0.003504957,0.000350496,unweighted,No,warming_spearman_ndgs
47,11,0.908975,0.002822506,0.000282251,unweighted,No,warming_spearman_ndgs
48,12,0.9,0,0,unweighted,No,warming_spearman_ndgs
49,1,0.99225,0.002853759,0.000285376,weighted,Yes,warming_spearman_ndgs
50,2,0.984025,0.003758744,0.000375874,weighted,Yes,warming_spearman_ndgs
51,3,0.9761,0.00473169,0.000473169,weighted,Yes,warming_spearman_ndgs
52,4,0.967625,0.004134344,0.000413434,weighted,Yes,warming_spearman_ndgs
53,5,0.959525,0.004815996,0.0004816,weighted,Yes,warming_spearman_ndgs
54,6,0.951125,0.005520565,0.000552057,weighted,Yes,warming_spearman_ndgs
55,7,0.94335,0.00506548,0.000506548,weighted,Yes,warming_spearman_ndgs
56,8,0.93395,0.00410069,0.000410069,weighted,Yes,warming_spearman_ndgs
57,9,0.92585,0.004192646,0.000419265,weighted,Yes,warming_spearman_ndgs
58,10,0.916975,0.003611412,0.000361141,weighted,Yes,warming_spearman_ndgs
59,11,0.90855,0.002868762,0.000286876,weighted,Yes,warming_spearman_ndgs
60,12,0.9,0,0,weighted,Yes,warming_spearman_ndgs
61,1,0.992125,0.002828762,0.000282876,unweighted,Yes,warming_spearman_ndgs
62,2,0.984225,0.003402595,0.000340259,unweighted,Yes,warming_spearman_ndgs
63,3,0.976,0.003940851,0.000394085,unweighted,Yes,warming_spearman_ndgs
64,4,0.967725,0.00498856,0.000498856,unweighted,Yes,warming_spearman_ndgs
65,5,0.96005,0.005185693,0.000518569,unweighted,Yes,warming_spearman_ndgs
66,6,0.9518,0.004847159,0.000484716,unweighted,Yes,warming_spearman_ndgs
67,7,0.942625,0.004583333,0.000458333,unweighted,Yes,warming_spearman_ndgs
68,8,0.935225,0.00488627,0.000488627,unweighted,Yes,warming_spearman_ndgs
69,9,0.926125,0.004254751,0.000425475,unweighted,Yes,warming_spearman_ndgs
70,10,0.9168,0.003989886,0.000398989,unweighted,Yes,warming_spearman_ndgs
71,11,0.908575,0.002914068,0.000291407,unweighted,Yes,warming_spearman_ndgs
72,12,0.9,0,0,unweighted,Yes,warming_spearman_ndgs
73,1,0.9919,0.002800613,0.000280061,weighted,No,warming_spearman_ndgs
74,2,0.98455,0.003524446,0.000352445,weighted,No,warming_spearman_ndgs
75,3,0.97625,0.004734091,0.000473409,weighted,No,warming_spearman_ndgs
76,4,0.968975,0.004808124,0.000480812,weighted,No,warming_spearman_ndgs
77,5,0.95995,0.004961722,0.000496172,weighted,No,warming_spearman_ndgs
78,6,0.950675,0.005073388,0.000507339,weighted,No,warming_spearman_ndgs
79,7,0.9429,0.004868472,0.000486847,weighted,No,warming_spearman_ndgs
80,8,0.934,0.004264014,0.000426401,weighted,No,warming_spearman_ndgs
81,9,0.9265,0.004480598,0.00044806,weighted,No,warming_spearman_ndgs
82,10,0.917825,0.003307762,0.000330776,weighted,No,warming_spearman_ndgs
83,11,0.9084,0.002854201,0.00028542,weighted,No,warming_spearman_ndgs
84,12,0.9,0,0,weighted,No,warming_spearman_ndgs
85,1,0.991825,0.002905389,0.000290539,unweighted,No,warming_spearman_ndgs
86,2,0.98355,0.003862864,0.000386286,unweighted,No,warming_spearman_ndgs
87,3,0.975925,0.004489817,0.000448982,unweighted,No,warming_spearman_ndgs
88,4,0.967775,0.005111077,0.000511108,unweighted,No,warming_spearman_ndgs
89,5,0.9604,0.004868472,0.000486847,unweighted,No,warming_spearman_ndgs
90,6,0.95215,0.004962231,0.000496223,unweighted,No,warming_spearman_ndgs
91,7,0.94285,0.005037987,0.000503799,unweighted,No,warming_spearman_ndgs
92,8,0.934025,0.004436633,0.000443663,unweighted,No,warming_spearman_ndgs
93,9,0.9264,0.004678017,0.000467802,unweighted,No,warming_spearman_ndgs
94,10,0.916975,0.003504957,0.000350496,unweighted,No,warming_spearman_ndgs
95,11,0.908975,0.002822506,0.000282251,unweighted,No,warming_spearman_ndgs
96,12,0.9,0,0,unweighted,No,warming_spearman_ndgs
